-- phpMyAdmin SQL Dump
-- version 4.8.4
-- https://www.phpmyadmin.net/
--
-- Host: 127.0.0.1:3307
-- Generation Time: Jul 07, 2019 at 03:25 PM
-- Server version: 10.1.37-MariaDB
-- PHP Version: 7.3.0

SET SQL_MODE = "NO_AUTO_VALUE_ON_ZERO";
SET AUTOCOMMIT = 0;
START TRANSACTION;
SET time_zone = "+00:00";


/*!40101 SET @OLD_CHARACTER_SET_CLIENT=@@CHARACTER_SET_CLIENT */;
/*!40101 SET @OLD_CHARACTER_SET_RESULTS=@@CHARACTER_SET_RESULTS */;
/*!40101 SET @OLD_COLLATION_CONNECTION=@@COLLATION_CONNECTION */;
/*!40101 SET NAMES utf8mb4 */;

--
-- Database: `satu_kkp_kalteng`
--

-- --------------------------------------------------------

--
-- Table structure for table `ci_sessions`
--

CREATE TABLE `ci_sessions` (
  `id` varchar(40) NOT NULL,
  `ip_address` varchar(45) NOT NULL,
  `timestamp` int(10) UNSIGNED NOT NULL DEFAULT '0',
  `data` blob NOT NULL
) ENGINE=InnoDB DEFAULT CHARSET=latin1;

--
-- Dumping data for table `ci_sessions`
--

INSERT INTO `ci_sessions` (`id`, `ip_address`, `timestamp`, `data`) VALUES
('0brbq6jracv4rmdjtmn7dce5ep8crj45', '::1', 1562007146, 0x5f5f63695f6c6173745f726567656e65726174657c693a313536323030373134363b6163746976655f757365727c4f3a383a22737464436c617373223a31323a7b733a323a226964223b733a313a2231223b733a383a2267726f75705f6964223b733a313a2231223b733a383a22757365726e616d65223b733a31333a2261646d696e6973747261746f72223b733a343a226e616d61223b733a31313a2253757065722041646d696e223b733a353a22656d61696c223b733a31373a2261646d696e40676d61696c2e636f6d0d0a223b733a383a2270617373776f7264223b733a36303a222432792431302431316c674a36365735654b55353674655a665447372e6f2e4f3356556d77576652534878782e6f396f443047584a70726173733936223b733a343a22666f746f223b733a31383a2232303139303632373031343632342e706e67223b733a363a2269645f726566223b733a313a2230223b733a31303a22637265617465645f6174223b733a31393a22323031392d30362d32302030323a30333a3033223b733a31303a22757064617465645f6174223b733a31393a22323031392d30362d32302030323a30333a3033223b733a31303a22736f667464656c657465223b733a313a2230223b733a31303a2267726f75705f6e616d61223b733a31313a2253757065722041646d696e223b7d),
('0esd4f1pksoeev3iaib6ncts0920p8fp', '::1', 1562143992, 0x5f5f63695f6c6173745f726567656e65726174657c693a313536323134333939323b6163746976655f757365727c4f3a383a22737464436c617373223a31333a7b733a323a226964223b733a313a2233223b733a383a2267726f75705f6964223b733a313a2233223b733a383a22757365726e616d65223b733a363a2261646d696e32223b733a343a226e616d61223b733a31323a22797573757068696461796174223b733a353a22656d61696c223b733a32313a22797573756678797a31313440676d61696c2e636f6d223b733a383a2270617373776f7264223b733a36303a22243279243130246c52687448475438677448514a4d5278734243554865635a36525a2f477564355a4c3575724a6d2e3873764a5666684f7777554632223b733a343a22666f746f223b733a31383a2232303139303632393230343731332e706e67223b733a363a2269645f726566223b733a313a2235223b733a31303a22637265617465645f6174223b733a31393a22303030302d30302d30302030303a30303a3030223b733a31303a22757064617465645f6174223b733a31393a22303030302d30302d30302030303a30303a3030223b733a31303a22736f667464656c657465223b733a313a2230223b733a31303a2267726f75705f6e616d61223b733a31343a224b616275706174656e2f4b6f7461223b733a31343a226b616275706174656e5f6b6f7461223b733a383a2253554b414d415241223b7d),
('0lvtsirtdsgpjf981k8psfa4o9h8imi5', '::1', 1561810761, 0x5f5f63695f6c6173745f726567656e65726174657c693a313536313831303736313b6163746976655f757365727c4f3a383a22737464436c617373223a31333a7b733a323a226964223b733a313a2233223b733a383a2267726f75705f6964223b733a313a2233223b733a383a22757365726e616d65223b733a363a2261646d696e32223b733a343a226e616d61223b733a31323a22797573757068696461796174223b733a353a22656d61696c223b733a32313a22797573756678797a31313440676d61696c2e636f6d223b733a383a2270617373776f7264223b733a36303a22243279243130246c52687448475438677448514a4d5278734243554865635a36525a2f477564355a4c3575724a6d2e3873764a5666684f7777554632223b733a343a22666f746f223b733a31383a2232303139303632353232353535342e706e67223b733a363a2269645f726566223b733a313a2235223b733a31303a22637265617465645f6174223b733a31393a22303030302d30302d30302030303a30303a3030223b733a31303a22757064617465645f6174223b733a31393a22303030302d30302d30302030303a30303a3030223b733a31303a22736f667464656c657465223b733a313a2230223b733a31303a2267726f75705f6e616d61223b733a31343a224b616275706174656e2f4b6f7461223b733a31343a226b616275706174656e5f6b6f7461223b733a383a2253554b414d415241223b7d),
('11ihj1hkaav9uf1ihkbnj73i3jbjj0pi', '::1', 1561899611, 0x5f5f63695f6c6173745f726567656e65726174657c693a313536313839393631313b6163746976655f757365727c4f3a383a22737464436c617373223a31323a7b733a323a226964223b733a313a2231223b733a383a2267726f75705f6964223b733a313a2231223b733a383a22757365726e616d65223b733a31333a2261646d696e6973747261746f72223b733a343a226e616d61223b733a31313a2253757065722041646d696e223b733a353a22656d61696c223b733a31373a2261646d696e40676d61696c2e636f6d0d0a223b733a383a2270617373776f7264223b733a36303a222432792431302431316c674a36365735654b55353674655a665447372e6f2e4f3356556d77576652534878782e6f396f443047584a70726173733936223b733a343a22666f746f223b733a31383a2232303139303632373031343632342e706e67223b733a363a2269645f726566223b733a313a2230223b733a31303a22637265617465645f6174223b733a31393a22323031392d30362d32302030323a30333a3033223b733a31303a22757064617465645f6174223b733a31393a22323031392d30362d32302030323a30333a3033223b733a31303a22736f667464656c657465223b733a313a2230223b733a31303a2267726f75705f6e616d61223b733a31313a2253757065722041646d696e223b7d),
('17g7ec1jnd52up2ps5r8n0fcpu0t61ts', '::1', 1562225718, 0x5f5f63695f6c6173745f726567656e65726174657c693a313536323232353731383b6163746976655f757365727c4f3a383a22737464436c617373223a31333a7b733a323a226964223b733a313a2236223b733a383a2267726f75705f6964223b733a313a2232223b733a383a22757365726e616d65223b733a353a22746974696b223b733a343a226e616d61223b733a353a22746974696b223b733a353a22656d61696c223b733a32303a22656c6973616669726e6140676d61696c2e636f6d223b733a383a2270617373776f7264223b733a36303a2224327924313024666861574e556c5636457865634a4c7631324b67617549336337555655324e733154524d4b49503571654c494961466d73534c5132223b733a343a22666f746f223b733a31383a2232303139303632353232353632332e706e67223b733a363a2269645f726566223b733a313a2231223b733a31303a22637265617465645f6174223b733a31393a22303030302d30302d30302030303a30303a3030223b733a31303a22757064617465645f6174223b733a31393a22303030302d30302d30302030303a30303a3030223b733a31303a22736f667464656c657465223b733a313a2230223b733a31303a2267726f75705f6e616d61223b4e3b733a31303a22646972656b746f726174223b733a343a22444a5042223b7d),
('1n5kpuue24ukabdnv7qej2o36a6nt540', '::1', 1562251996, 0x5f5f63695f6c6173745f726567656e65726174657c693a313536323235313939363b6163746976655f757365727c4f3a383a22737464436c617373223a31333a7b733a323a226964223b733a313a2236223b733a383a2267726f75705f6964223b733a313a2232223b733a383a22757365726e616d65223b733a353a22746974696b223b733a343a226e616d61223b733a353a22746974696b223b733a353a22656d61696c223b733a32303a22656c6973616669726e6140676d61696c2e636f6d223b733a383a2270617373776f7264223b733a36303a2224327924313024666861574e556c5636457865634a4c7631324b67617549336337555655324e733154524d4b49503571654c494961466d73534c5132223b733a343a22666f746f223b733a31383a2232303139303730343134333634342e706e67223b733a363a2269645f726566223b733a313a2231223b733a31303a22637265617465645f6174223b733a31393a22303030302d30302d30302030303a30303a3030223b733a31303a22757064617465645f6174223b733a31393a22303030302d30302d30302030303a30303a3030223b733a31303a22736f667464656c657465223b733a313a2230223b733a31303a2267726f75705f6e616d61223b4e3b733a31303a22646972656b746f726174223b733a343a22444a5042223b7d),
('224bb2ohpp5386kfloqi147s4ccj8sd9', '::1', 1561978921, 0x5f5f63695f6c6173745f726567656e65726174657c693a313536313937383932313b6163746976655f757365727c4f3a383a22737464436c617373223a31323a7b733a323a226964223b733a313a2231223b733a383a2267726f75705f6964223b733a313a2231223b733a383a22757365726e616d65223b733a31333a2261646d696e6973747261746f72223b733a343a226e616d61223b733a31313a2253757065722041646d696e223b733a353a22656d61696c223b733a31373a2261646d696e40676d61696c2e636f6d0d0a223b733a383a2270617373776f7264223b733a36303a222432792431302431316c674a36365735654b55353674655a665447372e6f2e4f3356556d77576652534878782e6f396f443047584a70726173733936223b733a343a22666f746f223b733a31383a2232303139303632373031343632342e706e67223b733a363a2269645f726566223b733a313a2230223b733a31303a22637265617465645f6174223b733a31393a22323031392d30362d32302030323a30333a3033223b733a31303a22757064617465645f6174223b733a31393a22323031392d30362d32302030323a30333a3033223b733a31303a22736f667464656c657465223b733a313a2230223b733a31303a2267726f75705f6e616d61223b733a31313a2253757065722041646d696e223b7d),
('2aehgud1i4dmjtiaveke6jpqn6l25ouo', '::1', 1562126152, 0x5f5f63695f6c6173745f726567656e65726174657c693a313536323132363135323b6163746976655f757365727c4f3a383a22737464436c617373223a31323a7b733a323a226964223b733a313a2231223b733a383a2267726f75705f6964223b733a313a2231223b733a383a22757365726e616d65223b733a31333a2261646d696e6973747261746f72223b733a343a226e616d61223b733a31313a2253757065722041646d696e223b733a353a22656d61696c223b733a31373a2261646d696e40676d61696c2e636f6d0d0a223b733a383a2270617373776f7264223b733a36303a222432792431302431316c674a36365735654b55353674655a665447372e6f2e4f3356556d77576652534878782e6f396f443047584a70726173733936223b733a343a22666f746f223b733a31383a2232303139303632373031343632342e706e67223b733a363a2269645f726566223b733a313a2230223b733a31303a22637265617465645f6174223b733a31393a22323031392d30362d32302030323a30333a3033223b733a31303a22757064617465645f6174223b733a31393a22323031392d30362d32302030323a30333a3033223b733a31303a22736f667464656c657465223b733a313a2230223b733a31303a2267726f75705f6e616d61223b733a31313a2253757065722041646d696e223b7d),
('3iq3b5f61vva8tmfrfplrgt3e89b6uol', '::1', 1561837596, 0x5f5f63695f6c6173745f726567656e65726174657c693a313536313833373539363b6163746976655f757365727c4f3a383a22737464436c617373223a31323a7b733a323a226964223b733a313a2231223b733a383a2267726f75705f6964223b733a313a2231223b733a383a22757365726e616d65223b733a31333a2261646d696e6973747261746f72223b733a343a226e616d61223b733a31313a2253757065722041646d696e223b733a353a22656d61696c223b733a31373a2261646d696e40676d61696c2e636f6d0d0a223b733a383a2270617373776f7264223b733a36303a222432792431302431316c674a36365735654b55353674655a665447372e6f2e4f3356556d77576652534878782e6f396f443047584a70726173733936223b733a343a22666f746f223b733a31383a2232303139303632373031343632342e706e67223b733a363a2269645f726566223b733a313a2230223b733a31303a22637265617465645f6174223b733a31393a22323031392d30362d32302030323a30333a3033223b733a31303a22757064617465645f6174223b733a31393a22323031392d30362d32302030323a30333a3033223b733a31303a22736f667464656c657465223b733a313a2230223b733a31303a2267726f75705f6e616d61223b733a31313a2253757065722041646d696e223b7d),
('3kq3k3cocf1m98g2qf6ka57o3gbe7se5', '::1', 1562004135, 0x5f5f63695f6c6173745f726567656e65726174657c693a313536323030343133353b6163746976655f757365727c4f3a383a22737464436c617373223a31323a7b733a323a226964223b733a313a2231223b733a383a2267726f75705f6964223b733a313a2231223b733a383a22757365726e616d65223b733a31333a2261646d696e6973747261746f72223b733a343a226e616d61223b733a31313a2253757065722041646d696e223b733a353a22656d61696c223b733a31373a2261646d696e40676d61696c2e636f6d0d0a223b733a383a2270617373776f7264223b733a36303a222432792431302431316c674a36365735654b55353674655a665447372e6f2e4f3356556d77576652534878782e6f396f443047584a70726173733936223b733a343a22666f746f223b733a31383a2232303139303632373031343632342e706e67223b733a363a2269645f726566223b733a313a2230223b733a31303a22637265617465645f6174223b733a31393a22323031392d30362d32302030323a30333a3033223b733a31303a22757064617465645f6174223b733a31393a22323031392d30362d32302030323a30333a3033223b733a31303a22736f667464656c657465223b733a313a2230223b733a31303a2267726f75705f6e616d61223b733a31313a2253757065722041646d696e223b7d),
('3r7lacme3vd6bb525vc6e9m52pupr98a', '::1', 1561996051, 0x5f5f63695f6c6173745f726567656e65726174657c693a313536313939363035313b6163746976655f757365727c4f3a383a22737464436c617373223a31323a7b733a323a226964223b733a313a2231223b733a383a2267726f75705f6964223b733a313a2231223b733a383a22757365726e616d65223b733a31333a2261646d696e6973747261746f72223b733a343a226e616d61223b733a31313a2253757065722041646d696e223b733a353a22656d61696c223b733a31373a2261646d696e40676d61696c2e636f6d0d0a223b733a383a2270617373776f7264223b733a36303a222432792431302431316c674a36365735654b55353674655a665447372e6f2e4f3356556d77576652534878782e6f396f443047584a70726173733936223b733a343a22666f746f223b733a31383a2232303139303632373031343632342e706e67223b733a363a2269645f726566223b733a313a2230223b733a31303a22637265617465645f6174223b733a31393a22323031392d30362d32302030323a30333a3033223b733a31303a22757064617465645f6174223b733a31393a22323031392d30362d32302030323a30333a3033223b733a31303a22736f667464656c657465223b733a313a2230223b733a31303a2267726f75705f6e616d61223b733a31313a2253757065722041646d696e223b7d),
('3rph5a7aeng0j5i66f9or89qe8i6ok3j', '::1', 1562007901, 0x5f5f63695f6c6173745f726567656e65726174657c693a313536323030373930313b6163746976655f757365727c4f3a383a22737464436c617373223a31323a7b733a323a226964223b733a313a2231223b733a383a2267726f75705f6964223b733a313a2231223b733a383a22757365726e616d65223b733a31333a2261646d696e6973747261746f72223b733a343a226e616d61223b733a31313a2253757065722041646d696e223b733a353a22656d61696c223b733a31373a2261646d696e40676d61696c2e636f6d0d0a223b733a383a2270617373776f7264223b733a36303a222432792431302431316c674a36365735654b55353674655a665447372e6f2e4f3356556d77576652534878782e6f396f443047584a70726173733936223b733a343a22666f746f223b733a31383a2232303139303632373031343632342e706e67223b733a363a2269645f726566223b733a313a2230223b733a31303a22637265617465645f6174223b733a31393a22323031392d30362d32302030323a30333a3033223b733a31303a22757064617465645f6174223b733a31393a22323031392d30362d32302030323a30333a3033223b733a31303a22736f667464656c657465223b733a313a2230223b733a31303a2267726f75705f6e616d61223b733a31313a2253757065722041646d696e223b7d),
('3tpppnf5ischk66hpf2c195j9k86559f', '::1', 1562018720, 0x5f5f63695f6c6173745f726567656e65726174657c693a313536323031383732303b6163746976655f757365727c4f3a383a22737464436c617373223a31333a7b733a323a226964223b733a313a2233223b733a383a2267726f75705f6964223b733a313a2233223b733a383a22757365726e616d65223b733a363a2261646d696e32223b733a343a226e616d61223b733a31323a22797573757068696461796174223b733a353a22656d61696c223b733a32313a22797573756678797a31313440676d61696c2e636f6d223b733a383a2270617373776f7264223b733a36303a22243279243130246c52687448475438677448514a4d5278734243554865635a36525a2f477564355a4c3575724a6d2e3873764a5666684f7777554632223b733a343a22666f746f223b733a31383a2232303139303632393230343731332e706e67223b733a363a2269645f726566223b733a313a2235223b733a31303a22637265617465645f6174223b733a31393a22303030302d30302d30302030303a30303a3030223b733a31303a22757064617465645f6174223b733a31393a22303030302d30302d30302030303a30303a3030223b733a31303a22736f667464656c657465223b733a313a2230223b733a31303a2267726f75705f6e616d61223b733a31343a224b616275706174656e2f4b6f7461223b733a31343a226b616275706174656e5f6b6f7461223b733a383a2253554b414d415241223b7d),
('43463ock2ldvdgbt5kbhk3qtlus4f3m8', '::1', 1562224705, 0x5f5f63695f6c6173745f726567656e65726174657c693a313536323232343730353b6163746976655f757365727c4f3a383a22737464436c617373223a31333a7b733a323a226964223b733a313a2236223b733a383a2267726f75705f6964223b733a313a2232223b733a383a22757365726e616d65223b733a353a22746974696b223b733a343a226e616d61223b733a353a22746974696b223b733a353a22656d61696c223b733a32303a22656c6973616669726e6140676d61696c2e636f6d223b733a383a2270617373776f7264223b733a36303a2224327924313024666861574e556c5636457865634a4c7631324b67617549336337555655324e733154524d4b49503571654c494961466d73534c5132223b733a343a22666f746f223b733a31383a2232303139303632353232353632332e706e67223b733a363a2269645f726566223b733a313a2231223b733a31303a22637265617465645f6174223b733a31393a22303030302d30302d30302030303a30303a3030223b733a31303a22757064617465645f6174223b733a31393a22303030302d30302d30302030303a30303a3030223b733a31303a22736f667464656c657465223b733a313a2230223b733a31303a2267726f75705f6e616d61223b4e3b733a31303a22646972656b746f726174223b733a343a22444a5042223b7d),
('459r2a306oiaqjps1jsjbd38cnrpndnp', '::1', 1561834576, 0x5f5f63695f6c6173745f726567656e65726174657c693a313536313833343535343b6163746976655f757365727c4f3a383a22737464436c617373223a31333a7b733a323a226964223b733a313a2236223b733a383a2267726f75705f6964223b733a313a2232223b733a383a22757365726e616d65223b733a353a22746974696b223b733a343a226e616d61223b733a353a22746974696b223b733a353a22656d61696c223b733a32303a22656c6973616669726e6140676d61696c2e636f6d223b733a383a2270617373776f7264223b733a36303a2224327924313024666861574e556c5636457865634a4c7631324b67617549336337555655324e733154524d4b49503571654c494961466d73534c5132223b733a343a22666f746f223b733a31383a2232303139303632353232353632332e706e67223b733a363a2269645f726566223b733a313a2231223b733a31303a22637265617465645f6174223b733a31393a22303030302d30302d30302030303a30303a3030223b733a31303a22757064617465645f6174223b733a31393a22303030302d30302d30302030303a30303a3030223b733a31303a22736f667464656c657465223b733a313a2230223b733a31303a2267726f75705f6e616d61223b4e3b733a31303a22646972656b746f726174223b733a343a22444a5042223b7d),
('48miqo0lcub6a4dq2riannl8n172u552', '::1', 1562250221, 0x5f5f63695f6c6173745f726567656e65726174657c693a313536323235303232313b6163746976655f757365727c4f3a383a22737464436c617373223a31333a7b733a323a226964223b733a313a2236223b733a383a2267726f75705f6964223b733a313a2232223b733a383a22757365726e616d65223b733a353a22746974696b223b733a343a226e616d61223b733a353a22746974696b223b733a353a22656d61696c223b733a32303a22656c6973616669726e6140676d61696c2e636f6d223b733a383a2270617373776f7264223b733a36303a2224327924313024666861574e556c5636457865634a4c7631324b67617549336337555655324e733154524d4b49503571654c494961466d73534c5132223b733a343a22666f746f223b733a31383a2232303139303730343134333634342e706e67223b733a363a2269645f726566223b733a313a2231223b733a31303a22637265617465645f6174223b733a31393a22303030302d30302d30302030303a30303a3030223b733a31303a22757064617465645f6174223b733a31393a22303030302d30302d30302030303a30303a3030223b733a31303a22736f667464656c657465223b733a313a2230223b733a31303a2267726f75705f6e616d61223b4e3b733a31303a22646972656b746f726174223b733a343a22444a5042223b7d),
('494akhqp72ldfgk4od5ra1oqd89atjgq', '::1', 1562012885, 0x5f5f63695f6c6173745f726567656e65726174657c693a313536323031323838353b6163746976655f757365727c4f3a383a22737464436c617373223a31323a7b733a323a226964223b733a313a2231223b733a383a2267726f75705f6964223b733a313a2231223b733a383a22757365726e616d65223b733a31333a2261646d696e6973747261746f72223b733a343a226e616d61223b733a31313a2253757065722041646d696e223b733a353a22656d61696c223b733a31373a2261646d696e40676d61696c2e636f6d0d0a223b733a383a2270617373776f7264223b733a36303a222432792431302431316c674a36365735654b55353674655a665447372e6f2e4f3356556d77576652534878782e6f396f443047584a70726173733936223b733a343a22666f746f223b733a31383a2232303139303632373031343632342e706e67223b733a363a2269645f726566223b733a313a2230223b733a31303a22637265617465645f6174223b733a31393a22323031392d30362d32302030323a30333a3033223b733a31303a22757064617465645f6174223b733a31393a22323031392d30362d32302030323a30333a3033223b733a31303a22736f667464656c657465223b733a313a2230223b733a31303a2267726f75705f6e616d61223b733a31313a2253757065722041646d696e223b7d),
('4h6jol77vgqtb6ug3ddjm7bhm8kgjncu', '::1', 1562157193, 0x5f5f63695f6c6173745f726567656e65726174657c693a313536323135373139333b6163746976655f757365727c4f3a383a22737464436c617373223a31333a7b733a323a226964223b733a313a2233223b733a383a2267726f75705f6964223b733a313a2233223b733a383a22757365726e616d65223b733a363a2261646d696e32223b733a343a226e616d61223b733a31323a22797573757068696461796174223b733a353a22656d61696c223b733a32313a22797573756678797a31313440676d61696c2e636f6d223b733a383a2270617373776f7264223b733a36303a22243279243130246c52687448475438677448514a4d5278734243554865635a36525a2f477564355a4c3575724a6d2e3873764a5666684f7777554632223b733a343a22666f746f223b733a31383a2232303139303632393230343731332e706e67223b733a363a2269645f726566223b733a313a2235223b733a31303a22637265617465645f6174223b733a31393a22303030302d30302d30302030303a30303a3030223b733a31303a22757064617465645f6174223b733a31393a22303030302d30302d30302030303a30303a3030223b733a31303a22736f667464656c657465223b733a313a2230223b733a31303a2267726f75705f6e616d61223b733a31343a224b616275706174656e2f4b6f7461223b733a31343a226b616275706174656e5f6b6f7461223b733a383a2253554b414d415241223b7d),
('4ltaq55nmtrl7nmsba0khi6di4m4jdpo', '::1', 1562005236, 0x5f5f63695f6c6173745f726567656e65726174657c693a313536323030353233363b6163746976655f757365727c4f3a383a22737464436c617373223a31323a7b733a323a226964223b733a313a2231223b733a383a2267726f75705f6964223b733a313a2231223b733a383a22757365726e616d65223b733a31333a2261646d696e6973747261746f72223b733a343a226e616d61223b733a31313a2253757065722041646d696e223b733a353a22656d61696c223b733a31373a2261646d696e40676d61696c2e636f6d0d0a223b733a383a2270617373776f7264223b733a36303a222432792431302431316c674a36365735654b55353674655a665447372e6f2e4f3356556d77576652534878782e6f396f443047584a70726173733936223b733a343a22666f746f223b733a31383a2232303139303632373031343632342e706e67223b733a363a2269645f726566223b733a313a2230223b733a31303a22637265617465645f6174223b733a31393a22323031392d30362d32302030323a30333a3033223b733a31303a22757064617465645f6174223b733a31393a22323031392d30362d32302030323a30333a3033223b733a31303a22736f667464656c657465223b733a313a2230223b733a31303a2267726f75705f6e616d61223b733a31313a2253757065722041646d696e223b7d),
('4nq8801k79ssobf16eiv5c9ai866guad', '::1', 1562153839, 0x5f5f63695f6c6173745f726567656e65726174657c693a313536323135333833393b6163746976655f757365727c4f3a383a22737464436c617373223a31333a7b733a323a226964223b733a313a2233223b733a383a2267726f75705f6964223b733a313a2233223b733a383a22757365726e616d65223b733a363a2261646d696e32223b733a343a226e616d61223b733a31323a22797573757068696461796174223b733a353a22656d61696c223b733a32313a22797573756678797a31313440676d61696c2e636f6d223b733a383a2270617373776f7264223b733a36303a22243279243130246c52687448475438677448514a4d5278734243554865635a36525a2f477564355a4c3575724a6d2e3873764a5666684f7777554632223b733a343a22666f746f223b733a31383a2232303139303632393230343731332e706e67223b733a363a2269645f726566223b733a313a2235223b733a31303a22637265617465645f6174223b733a31393a22303030302d30302d30302030303a30303a3030223b733a31303a22757064617465645f6174223b733a31393a22303030302d30302d30302030303a30303a3030223b733a31303a22736f667464656c657465223b733a313a2230223b733a31303a2267726f75705f6e616d61223b733a31343a224b616275706174656e2f4b6f7461223b733a31343a226b616275706174656e5f6b6f7461223b733a383a2253554b414d415241223b7d),
('4omikrocthcrp0gvnqafpjl6q89af533', '::1', 1561829516, 0x5f5f63695f6c6173745f726567656e65726174657c693a313536313832393531363b6163746976655f757365727c4f3a383a22737464436c617373223a31333a7b733a323a226964223b733a313a2233223b733a383a2267726f75705f6964223b733a313a2233223b733a383a22757365726e616d65223b733a363a2261646d696e32223b733a343a226e616d61223b733a31323a22797573757068696461796174223b733a353a22656d61696c223b733a32313a22797573756678797a31313440676d61696c2e636f6d223b733a383a2270617373776f7264223b733a36303a22243279243130246c52687448475438677448514a4d5278734243554865635a36525a2f477564355a4c3575724a6d2e3873764a5666684f7777554632223b733a343a22666f746f223b733a31383a2232303139303632393230343731332e706e67223b733a363a2269645f726566223b733a313a2235223b733a31303a22637265617465645f6174223b733a31393a22303030302d30302d30302030303a30303a3030223b733a31303a22757064617465645f6174223b733a31393a22303030302d30302d30302030303a30303a3030223b733a31303a22736f667464656c657465223b733a313a2230223b733a31303a2267726f75705f6e616d61223b733a31343a224b616275706174656e2f4b6f7461223b733a31343a226b616275706174656e5f6b6f7461223b733a383a2253554b414d415241223b7d),
('4tttighn1kqtv0noc1j4pcm989pji4th', '::1', 1562220716, 0x5f5f63695f6c6173745f726567656e65726174657c693a313536323232303731363b6163746976655f757365727c4f3a383a22737464436c617373223a31333a7b733a323a226964223b733a313a2236223b733a383a2267726f75705f6964223b733a313a2232223b733a383a22757365726e616d65223b733a353a22746974696b223b733a343a226e616d61223b733a353a22746974696b223b733a353a22656d61696c223b733a32303a22656c6973616669726e6140676d61696c2e636f6d223b733a383a2270617373776f7264223b733a36303a2224327924313024666861574e556c5636457865634a4c7631324b67617549336337555655324e733154524d4b49503571654c494961466d73534c5132223b733a343a22666f746f223b733a31383a2232303139303632353232353632332e706e67223b733a363a2269645f726566223b733a313a2231223b733a31303a22637265617465645f6174223b733a31393a22303030302d30302d30302030303a30303a3030223b733a31303a22757064617465645f6174223b733a31393a22303030302d30302d30302030303a30303a3030223b733a31303a22736f667464656c657465223b733a313a2230223b733a31303a2267726f75705f6e616d61223b4e3b733a31303a22646972656b746f726174223b733a343a22444a5042223b7d),
('578qpvgfgnu584og85raobtqlrcka89r', '::1', 1562157634, 0x5f5f63695f6c6173745f726567656e65726174657c693a313536323135373633343b6163746976655f757365727c4f3a383a22737464436c617373223a31333a7b733a323a226964223b733a313a2233223b733a383a2267726f75705f6964223b733a313a2233223b733a383a22757365726e616d65223b733a363a2261646d696e32223b733a343a226e616d61223b733a31323a22797573757068696461796174223b733a353a22656d61696c223b733a32313a22797573756678797a31313440676d61696c2e636f6d223b733a383a2270617373776f7264223b733a36303a22243279243130246c52687448475438677448514a4d5278734243554865635a36525a2f477564355a4c3575724a6d2e3873764a5666684f7777554632223b733a343a22666f746f223b733a31383a2232303139303632393230343731332e706e67223b733a363a2269645f726566223b733a313a2235223b733a31303a22637265617465645f6174223b733a31393a22303030302d30302d30302030303a30303a3030223b733a31303a22757064617465645f6174223b733a31393a22303030302d30302d30302030303a30303a3030223b733a31303a22736f667464656c657465223b733a313a2230223b733a31303a2267726f75705f6e616d61223b733a31343a224b616275706174656e2f4b6f7461223b733a31343a226b616275706174656e5f6b6f7461223b733a383a2253554b414d415241223b7d),
('580oh4dk88u9o5qme974n0r7b078a2qg', '::1', 1562246481, 0x5f5f63695f6c6173745f726567656e65726174657c693a313536323234363438313b6163746976655f757365727c4f3a383a22737464436c617373223a31333a7b733a323a226964223b733a313a2236223b733a383a2267726f75705f6964223b733a313a2232223b733a383a22757365726e616d65223b733a353a22746974696b223b733a343a226e616d61223b733a353a22746974696b223b733a353a22656d61696c223b733a32303a22656c6973616669726e6140676d61696c2e636f6d223b733a383a2270617373776f7264223b733a36303a2224327924313024666861574e556c5636457865634a4c7631324b67617549336337555655324e733154524d4b49503571654c494961466d73534c5132223b733a343a22666f746f223b733a31383a2232303139303730343134333634342e706e67223b733a363a2269645f726566223b733a313a2231223b733a31303a22637265617465645f6174223b733a31393a22303030302d30302d30302030303a30303a3030223b733a31303a22757064617465645f6174223b733a31393a22303030302d30302d30302030303a30303a3030223b733a31303a22736f667464656c657465223b733a313a2230223b733a31303a2267726f75705f6e616d61223b4e3b733a31303a22646972656b746f726174223b733a343a22444a5042223b7d),
('58i2651gsnqcbhn2ictkemm3ise4t35t', '::1', 1561808282, 0x5f5f63695f6c6173745f726567656e65726174657c693a313536313830383238323b6163746976655f757365727c4f3a383a22737464436c617373223a31323a7b733a323a226964223b733a313a2231223b733a383a2267726f75705f6964223b733a313a2231223b733a383a22757365726e616d65223b733a31333a2261646d696e6973747261746f72223b733a343a226e616d61223b733a31313a2253757065722041646d696e223b733a353a22656d61696c223b733a31373a2261646d696e40676d61696c2e636f6d0d0a223b733a383a2270617373776f7264223b733a36303a222432792431302431316c674a36365735654b55353674655a665447372e6f2e4f3356556d77576652534878782e6f396f443047584a70726173733936223b733a343a22666f746f223b733a31383a2232303139303632373031343632342e706e67223b733a363a2269645f726566223b733a313a2230223b733a31303a22637265617465645f6174223b733a31393a22323031392d30362d32302030323a30333a3033223b733a31303a22757064617465645f6174223b733a31393a22323031392d30362d32302030323a30333a3033223b733a31303a22736f667464656c657465223b733a313a2230223b733a31303a2267726f75705f6e616d61223b733a31313a2253757065722041646d696e223b7d),
('5e98i5ptjcg5fd2sctjaf6eeb39abhbc', '::1', 1562159676, 0x5f5f63695f6c6173745f726567656e65726174657c693a313536323135393637363b6163746976655f757365727c4f3a383a22737464436c617373223a31333a7b733a323a226964223b733a313a2233223b733a383a2267726f75705f6964223b733a313a2233223b733a383a22757365726e616d65223b733a363a2261646d696e32223b733a343a226e616d61223b733a31323a22797573757068696461796174223b733a353a22656d61696c223b733a32313a22797573756678797a31313440676d61696c2e636f6d223b733a383a2270617373776f7264223b733a36303a22243279243130246c52687448475438677448514a4d5278734243554865635a36525a2f477564355a4c3575724a6d2e3873764a5666684f7777554632223b733a343a22666f746f223b733a31383a2232303139303632393230343731332e706e67223b733a363a2269645f726566223b733a313a2235223b733a31303a22637265617465645f6174223b733a31393a22303030302d30302d30302030303a30303a3030223b733a31303a22757064617465645f6174223b733a31393a22303030302d30302d30302030303a30303a3030223b733a31303a22736f667464656c657465223b733a313a2230223b733a31303a2267726f75705f6e616d61223b733a31343a224b616275706174656e2f4b6f7461223b733a31343a226b616275706174656e5f6b6f7461223b733a383a2253554b414d415241223b7d),
('5jdfa1nc0ag5g8675q5tdn0bidu8sfbi', '::1', 1562159128, 0x5f5f63695f6c6173745f726567656e65726174657c693a313536323135393132383b6163746976655f757365727c4f3a383a22737464436c617373223a31333a7b733a323a226964223b733a313a2233223b733a383a2267726f75705f6964223b733a313a2233223b733a383a22757365726e616d65223b733a363a2261646d696e32223b733a343a226e616d61223b733a31323a22797573757068696461796174223b733a353a22656d61696c223b733a32313a22797573756678797a31313440676d61696c2e636f6d223b733a383a2270617373776f7264223b733a36303a22243279243130246c52687448475438677448514a4d5278734243554865635a36525a2f477564355a4c3575724a6d2e3873764a5666684f7777554632223b733a343a22666f746f223b733a31383a2232303139303632393230343731332e706e67223b733a363a2269645f726566223b733a313a2235223b733a31303a22637265617465645f6174223b733a31393a22303030302d30302d30302030303a30303a3030223b733a31303a22757064617465645f6174223b733a31393a22303030302d30302d30302030303a30303a3030223b733a31303a22736f667464656c657465223b733a313a2230223b733a31303a2267726f75705f6e616d61223b733a31343a224b616275706174656e2f4b6f7461223b733a31343a226b616275706174656e5f6b6f7461223b733a383a2253554b414d415241223b7d),
('5petuocmknlo19ng13ueso0dv35febg2', '::1', 1562251257, 0x5f5f63695f6c6173745f726567656e65726174657c693a313536323235313235373b6163746976655f757365727c4f3a383a22737464436c617373223a31333a7b733a323a226964223b733a313a2236223b733a383a2267726f75705f6964223b733a313a2232223b733a383a22757365726e616d65223b733a353a22746974696b223b733a343a226e616d61223b733a353a22746974696b223b733a353a22656d61696c223b733a32303a22656c6973616669726e6140676d61696c2e636f6d223b733a383a2270617373776f7264223b733a36303a2224327924313024666861574e556c5636457865634a4c7631324b67617549336337555655324e733154524d4b49503571654c494961466d73534c5132223b733a343a22666f746f223b733a31383a2232303139303730343134333634342e706e67223b733a363a2269645f726566223b733a313a2231223b733a31303a22637265617465645f6174223b733a31393a22303030302d30302d30302030303a30303a3030223b733a31303a22757064617465645f6174223b733a31393a22303030302d30302d30302030303a30303a3030223b733a31303a22736f667464656c657465223b733a313a2230223b733a31303a2267726f75705f6e616d61223b4e3b733a31303a22646972656b746f726174223b733a343a22444a5042223b7d),
('5rnr008i7tkv3mfjvsbdm30pdhlr00r6', '::1', 1562272409, 0x5f5f63695f6c6173745f726567656e65726174657c693a313536323237323333363b6163746976655f757365727c4f3a383a22737464436c617373223a31323a7b733a323a226964223b733a313a2231223b733a383a2267726f75705f6964223b733a313a2231223b733a383a22757365726e616d65223b733a31333a2261646d696e6973747261746f72223b733a343a226e616d61223b733a31313a2253757065722041646d696e223b733a353a22656d61696c223b733a31373a2261646d696e40676d61696c2e636f6d0d0a223b733a383a2270617373776f7264223b733a36303a222432792431302431316c674a36365735654b55353674655a665447372e6f2e4f3356556d77576652534878782e6f396f443047584a70726173733936223b733a343a22666f746f223b733a31383a2232303139303632373031343632342e706e67223b733a363a2269645f726566223b733a313a2230223b733a31303a22637265617465645f6174223b733a31393a22323031392d30362d32302030323a30333a3033223b733a31303a22757064617465645f6174223b733a31393a22323031392d30362d32302030323a30333a3033223b733a31303a22736f667464656c657465223b733a313a2230223b733a31303a2267726f75705f6e616d61223b733a31313a2253757065722041646d696e223b7d),
('6k1lnk63t39rmiouri9j1q4kraec1do5', '::1', 1562137472, 0x5f5f63695f6c6173745f726567656e65726174657c693a313536323133373437323b6163746976655f757365727c4f3a383a22737464436c617373223a31333a7b733a323a226964223b733a313a2233223b733a383a2267726f75705f6964223b733a313a2233223b733a383a22757365726e616d65223b733a363a2261646d696e32223b733a343a226e616d61223b733a31323a22797573757068696461796174223b733a353a22656d61696c223b733a32313a22797573756678797a31313440676d61696c2e636f6d223b733a383a2270617373776f7264223b733a36303a22243279243130246c52687448475438677448514a4d5278734243554865635a36525a2f477564355a4c3575724a6d2e3873764a5666684f7777554632223b733a343a22666f746f223b733a31383a2232303139303632393230343731332e706e67223b733a363a2269645f726566223b733a313a2235223b733a31303a22637265617465645f6174223b733a31393a22303030302d30302d30302030303a30303a3030223b733a31303a22757064617465645f6174223b733a31393a22303030302d30302d30302030303a30303a3030223b733a31303a22736f667464656c657465223b733a313a2230223b733a31303a2267726f75705f6e616d61223b733a31343a224b616275706174656e2f4b6f7461223b733a31343a226b616275706174656e5f6b6f7461223b733a383a2253554b414d415241223b7d),
('6op5v5itjgd9ofk0683891bvnf7tf6hf', '::1', 1562152987, 0x5f5f63695f6c6173745f726567656e65726174657c693a313536323135323937363b6163746976655f757365727c4f3a383a22737464436c617373223a31323a7b733a323a226964223b733a313a2231223b733a383a2267726f75705f6964223b733a313a2231223b733a383a22757365726e616d65223b733a31333a2261646d696e6973747261746f72223b733a343a226e616d61223b733a31313a2253757065722041646d696e223b733a353a22656d61696c223b733a31373a2261646d696e40676d61696c2e636f6d0d0a223b733a383a2270617373776f7264223b733a36303a222432792431302431316c674a36365735654b55353674655a665447372e6f2e4f3356556d77576652534878782e6f396f443047584a70726173733936223b733a343a22666f746f223b733a31383a2232303139303632373031343632342e706e67223b733a363a2269645f726566223b733a313a2230223b733a31303a22637265617465645f6174223b733a31393a22323031392d30362d32302030323a30333a3033223b733a31303a22757064617465645f6174223b733a31393a22323031392d30362d32302030323a30333a3033223b733a31303a22736f667464656c657465223b733a313a2230223b733a31303a2267726f75705f6e616d61223b733a31313a2253757065722041646d696e223b7d),
('6r5e6ulg7halnc08plb1jtb7baog8s3v', '::1', 1561823352, 0x5f5f63695f6c6173745f726567656e65726174657c693a313536313832333335323b6163746976655f757365727c4f3a383a22737464436c617373223a31333a7b733a323a226964223b733a313a2233223b733a383a2267726f75705f6964223b733a313a2233223b733a383a22757365726e616d65223b733a363a2261646d696e32223b733a343a226e616d61223b733a31323a22797573757068696461796174223b733a353a22656d61696c223b733a32313a22797573756678797a31313440676d61696c2e636f6d223b733a383a2270617373776f7264223b733a36303a22243279243130246c52687448475438677448514a4d5278734243554865635a36525a2f477564355a4c3575724a6d2e3873764a5666684f7777554632223b733a343a22666f746f223b733a31383a2232303139303632393230343731332e706e67223b733a363a2269645f726566223b733a313a2235223b733a31303a22637265617465645f6174223b733a31393a22303030302d30302d30302030303a30303a3030223b733a31303a22757064617465645f6174223b733a31393a22303030302d30302d30302030303a30303a3030223b733a31303a22736f667464656c657465223b733a313a2230223b733a31303a2267726f75705f6e616d61223b733a31343a224b616275706174656e2f4b6f7461223b733a31343a226b616275706174656e5f6b6f7461223b733a383a2253554b414d415241223b7d),
('6s1iil0c2atj0hbsuaup6u88t0k9ve1u', '::1', 1562222243, 0x5f5f63695f6c6173745f726567656e65726174657c693a313536323232323234333b6163746976655f757365727c4f3a383a22737464436c617373223a31333a7b733a323a226964223b733a313a2236223b733a383a2267726f75705f6964223b733a313a2232223b733a383a22757365726e616d65223b733a353a22746974696b223b733a343a226e616d61223b733a353a22746974696b223b733a353a22656d61696c223b733a32303a22656c6973616669726e6140676d61696c2e636f6d223b733a383a2270617373776f7264223b733a36303a2224327924313024666861574e556c5636457865634a4c7631324b67617549336337555655324e733154524d4b49503571654c494961466d73534c5132223b733a343a22666f746f223b733a31383a2232303139303632353232353632332e706e67223b733a363a2269645f726566223b733a313a2231223b733a31303a22637265617465645f6174223b733a31393a22303030302d30302d30302030303a30303a3030223b733a31303a22757064617465645f6174223b733a31393a22303030302d30302d30302030303a30303a3030223b733a31303a22736f667464656c657465223b733a313a2230223b733a31303a2267726f75705f6e616d61223b4e3b733a31303a22646972656b746f726174223b733a343a22444a5042223b7d),
('7d4csrt82ob0j8rm7esvue074qrsosag', '::1', 1562012163, 0x5f5f63695f6c6173745f726567656e65726174657c693a313536323031323136333b6163746976655f757365727c4f3a383a22737464436c617373223a31323a7b733a323a226964223b733a313a2231223b733a383a2267726f75705f6964223b733a313a2231223b733a383a22757365726e616d65223b733a31333a2261646d696e6973747261746f72223b733a343a226e616d61223b733a31313a2253757065722041646d696e223b733a353a22656d61696c223b733a31373a2261646d696e40676d61696c2e636f6d0d0a223b733a383a2270617373776f7264223b733a36303a222432792431302431316c674a36365735654b55353674655a665447372e6f2e4f3356556d77576652534878782e6f396f443047584a70726173733936223b733a343a22666f746f223b733a31383a2232303139303632373031343632342e706e67223b733a363a2269645f726566223b733a313a2230223b733a31303a22637265617465645f6174223b733a31393a22323031392d30362d32302030323a30333a3033223b733a31303a22757064617465645f6174223b733a31393a22323031392d30362d32302030323a30333a3033223b733a31303a22736f667464656c657465223b733a313a2230223b733a31303a2267726f75705f6e616d61223b733a31313a2253757065722041646d696e223b7d),
('7di4bju1s9aealt16no0m1loh0nb5jo9', '::1', 1561830107, 0x5f5f63695f6c6173745f726567656e65726174657c693a313536313833303130373b6163746976655f757365727c4f3a383a22737464436c617373223a31333a7b733a323a226964223b733a313a2233223b733a383a2267726f75705f6964223b733a313a2233223b733a383a22757365726e616d65223b733a363a2261646d696e32223b733a343a226e616d61223b733a31323a22797573757068696461796174223b733a353a22656d61696c223b733a32313a22797573756678797a31313440676d61696c2e636f6d223b733a383a2270617373776f7264223b733a36303a22243279243130246c52687448475438677448514a4d5278734243554865635a36525a2f477564355a4c3575724a6d2e3873764a5666684f7777554632223b733a343a22666f746f223b733a31383a2232303139303632393230343731332e706e67223b733a363a2269645f726566223b733a313a2235223b733a31303a22637265617465645f6174223b733a31393a22303030302d30302d30302030303a30303a3030223b733a31303a22757064617465645f6174223b733a31393a22303030302d30302d30302030303a30303a3030223b733a31303a22736f667464656c657465223b733a313a2230223b733a31303a2267726f75705f6e616d61223b733a31343a224b616275706174656e2f4b6f7461223b733a31343a226b616275706174656e5f6b6f7461223b733a383a2253554b414d415241223b7d),
('7konhglotsh810grakf59u0srnsmvdoc', '::1', 1561828476, 0x5f5f63695f6c6173745f726567656e65726174657c693a313536313832383437363b6163746976655f757365727c4f3a383a22737464436c617373223a31323a7b733a323a226964223b733a313a2231223b733a383a2267726f75705f6964223b733a313a2231223b733a383a22757365726e616d65223b733a31333a2261646d696e6973747261746f72223b733a343a226e616d61223b733a31313a2253757065722041646d696e223b733a353a22656d61696c223b733a31373a2261646d696e40676d61696c2e636f6d0d0a223b733a383a2270617373776f7264223b733a36303a222432792431302431316c674a36365735654b55353674655a665447372e6f2e4f3356556d77576652534878782e6f396f443047584a70726173733936223b733a343a22666f746f223b733a31383a2232303139303632373031343632342e706e67223b733a363a2269645f726566223b733a313a2230223b733a31303a22637265617465645f6174223b733a31393a22323031392d30362d32302030323a30333a3033223b733a31303a22757064617465645f6174223b733a31393a22323031392d30362d32302030323a30333a3033223b733a31303a22736f667464656c657465223b733a313a2230223b733a31303a2267726f75705f6e616d61223b733a31313a2253757065722041646d696e223b7d),
('7sc8goo2d9vh8v2bjuep85g1rnofed9v', '::1', 1562013357, 0x5f5f63695f6c6173745f726567656e65726174657c693a313536323031333335373b6163746976655f757365727c4f3a383a22737464436c617373223a31323a7b733a323a226964223b733a313a2231223b733a383a2267726f75705f6964223b733a313a2231223b733a383a22757365726e616d65223b733a31333a2261646d696e6973747261746f72223b733a343a226e616d61223b733a31313a2253757065722041646d696e223b733a353a22656d61696c223b733a31373a2261646d696e40676d61696c2e636f6d0d0a223b733a383a2270617373776f7264223b733a36303a222432792431302431316c674a36365735654b55353674655a665447372e6f2e4f3356556d77576652534878782e6f396f443047584a70726173733936223b733a343a22666f746f223b733a31383a2232303139303632373031343632342e706e67223b733a363a2269645f726566223b733a313a2230223b733a31303a22637265617465645f6174223b733a31393a22323031392d30362d32302030323a30333a3033223b733a31303a22757064617465645f6174223b733a31393a22323031392d30362d32302030323a30333a3033223b733a31303a22736f667464656c657465223b733a313a2230223b733a31303a2267726f75705f6e616d61223b733a31313a2253757065722041646d696e223b7d),
('7v3but9f2ne7e9838cokl0i5dk45a9lj', '::1', 1562156527, 0x5f5f63695f6c6173745f726567656e65726174657c693a313536323135363532373b6163746976655f757365727c4f3a383a22737464436c617373223a31333a7b733a323a226964223b733a313a2233223b733a383a2267726f75705f6964223b733a313a2233223b733a383a22757365726e616d65223b733a363a2261646d696e32223b733a343a226e616d61223b733a31323a22797573757068696461796174223b733a353a22656d61696c223b733a32313a22797573756678797a31313440676d61696c2e636f6d223b733a383a2270617373776f7264223b733a36303a22243279243130246c52687448475438677448514a4d5278734243554865635a36525a2f477564355a4c3575724a6d2e3873764a5666684f7777554632223b733a343a22666f746f223b733a31383a2232303139303632393230343731332e706e67223b733a363a2269645f726566223b733a313a2235223b733a31303a22637265617465645f6174223b733a31393a22303030302d30302d30302030303a30303a3030223b733a31303a22757064617465645f6174223b733a31393a22303030302d30302d30302030303a30303a3030223b733a31303a22736f667464656c657465223b733a313a2230223b733a31303a2267726f75705f6e616d61223b733a31343a224b616275706174656e2f4b6f7461223b733a31343a226b616275706174656e5f6b6f7461223b733a383a2253554b414d415241223b7d),
('857lhj5nj2eqadn8n6fopdku6u9og0q7', '::1', 1562244071, 0x5f5f63695f6c6173745f726567656e65726174657c693a313536323234343037313b6163746976655f757365727c4f3a383a22737464436c617373223a31333a7b733a323a226964223b733a313a2236223b733a383a2267726f75705f6964223b733a313a2232223b733a383a22757365726e616d65223b733a353a22746974696b223b733a343a226e616d61223b733a353a22746974696b223b733a353a22656d61696c223b733a32303a22656c6973616669726e6140676d61696c2e636f6d223b733a383a2270617373776f7264223b733a36303a2224327924313024666861574e556c5636457865634a4c7631324b67617549336337555655324e733154524d4b49503571654c494961466d73534c5132223b733a343a22666f746f223b733a31383a2232303139303730343134333634342e706e67223b733a363a2269645f726566223b733a313a2231223b733a31303a22637265617465645f6174223b733a31393a22303030302d30302d30302030303a30303a3030223b733a31303a22757064617465645f6174223b733a31393a22303030302d30302d30302030303a30303a3030223b733a31303a22736f667464656c657465223b733a313a2230223b733a31303a2267726f75705f6e616d61223b4e3b733a31303a22646972656b746f726174223b733a343a22444a5042223b7d),
('86cf5uq3q5ia2rmhqeceso6buiipdvn4', '::1', 1561998751, 0x5f5f63695f6c6173745f726567656e65726174657c693a313536313939383735313b6163746976655f757365727c4f3a383a22737464436c617373223a31323a7b733a323a226964223b733a313a2231223b733a383a2267726f75705f6964223b733a313a2231223b733a383a22757365726e616d65223b733a31333a2261646d696e6973747261746f72223b733a343a226e616d61223b733a31313a2253757065722041646d696e223b733a353a22656d61696c223b733a31373a2261646d696e40676d61696c2e636f6d0d0a223b733a383a2270617373776f7264223b733a36303a222432792431302431316c674a36365735654b55353674655a665447372e6f2e4f3356556d77576652534878782e6f396f443047584a70726173733936223b733a343a22666f746f223b733a31383a2232303139303632373031343632342e706e67223b733a363a2269645f726566223b733a313a2230223b733a31303a22637265617465645f6174223b733a31393a22323031392d30362d32302030323a30333a3033223b733a31303a22757064617465645f6174223b733a31393a22323031392d30362d32302030323a30333a3033223b733a31303a22736f667464656c657465223b733a313a2230223b733a31303a2267726f75705f6e616d61223b733a31313a2253757065722041646d696e223b7d),
('93j78fsq2q8c9mieb5s9ofmtuvn443fn', '::1', 1561823841, 0x5f5f63695f6c6173745f726567656e65726174657c693a313536313832333834313b6163746976655f757365727c4f3a383a22737464436c617373223a31333a7b733a323a226964223b733a313a2233223b733a383a2267726f75705f6964223b733a313a2233223b733a383a22757365726e616d65223b733a363a2261646d696e32223b733a343a226e616d61223b733a31323a22797573757068696461796174223b733a353a22656d61696c223b733a32313a22797573756678797a31313440676d61696c2e636f6d223b733a383a2270617373776f7264223b733a36303a22243279243130246c52687448475438677448514a4d5278734243554865635a36525a2f477564355a4c3575724a6d2e3873764a5666684f7777554632223b733a343a22666f746f223b733a31383a2232303139303632393230343731332e706e67223b733a363a2269645f726566223b733a313a2235223b733a31303a22637265617465645f6174223b733a31393a22303030302d30302d30302030303a30303a3030223b733a31303a22757064617465645f6174223b733a31393a22303030302d30302d30302030303a30303a3030223b733a31303a22736f667464656c657465223b733a313a2230223b733a31303a2267726f75705f6e616d61223b733a31343a224b616275706174656e2f4b6f7461223b733a31343a226b616275706174656e5f6b6f7461223b733a383a2253554b414d415241223b7d),
('98m81dahpfvoodd46dnc0iddl91pkglo', '::1', 1562160374, 0x5f5f63695f6c6173745f726567656e65726174657c693a313536323136303337343b6163746976655f757365727c4f3a383a22737464436c617373223a31333a7b733a323a226964223b733a313a2233223b733a383a2267726f75705f6964223b733a313a2233223b733a383a22757365726e616d65223b733a363a2261646d696e32223b733a343a226e616d61223b733a31323a22797573757068696461796174223b733a353a22656d61696c223b733a32313a22797573756678797a31313440676d61696c2e636f6d223b733a383a2270617373776f7264223b733a36303a22243279243130246c52687448475438677448514a4d5278734243554865635a36525a2f477564355a4c3575724a6d2e3873764a5666684f7777554632223b733a343a22666f746f223b733a31383a2232303139303632393230343731332e706e67223b733a363a2269645f726566223b733a313a2235223b733a31303a22637265617465645f6174223b733a31393a22303030302d30302d30302030303a30303a3030223b733a31303a22757064617465645f6174223b733a31393a22303030302d30302d30302030303a30303a3030223b733a31303a22736f667464656c657465223b733a313a2230223b733a31303a2267726f75705f6e616d61223b733a31343a224b616275706174656e2f4b6f7461223b733a31343a226b616275706174656e5f6b6f7461223b733a383a2253554b414d415241223b7d),
('9hloqblg26cnmnqgtn6989tdvnuia0kj', '::1', 1561905796, 0x5f5f63695f6c6173745f726567656e65726174657c693a313536313930353739333b6163746976655f757365727c4f3a383a22737464436c617373223a31323a7b733a323a226964223b733a313a2231223b733a383a2267726f75705f6964223b733a313a2231223b733a383a22757365726e616d65223b733a31333a2261646d696e6973747261746f72223b733a343a226e616d61223b733a31313a2253757065722041646d696e223b733a353a22656d61696c223b733a31373a2261646d696e40676d61696c2e636f6d0d0a223b733a383a2270617373776f7264223b733a36303a222432792431302431316c674a36365735654b55353674655a665447372e6f2e4f3356556d77576652534878782e6f396f443047584a70726173733936223b733a343a22666f746f223b733a31383a2232303139303632373031343632342e706e67223b733a363a2269645f726566223b733a313a2230223b733a31303a22637265617465645f6174223b733a31393a22323031392d30362d32302030323a30333a3033223b733a31303a22757064617465645f6174223b733a31393a22323031392d30362d32302030323a30333a3033223b733a31303a22736f667464656c657465223b733a313a2230223b733a31303a2267726f75705f6e616d61223b733a31313a2253757065722041646d696e223b7d),
('9jak3suaata7lmpv6ud1k8tjnvaa4g6j', '::1', 1562155653, 0x5f5f63695f6c6173745f726567656e65726174657c693a313536323135353635333b6163746976655f757365727c4f3a383a22737464436c617373223a31333a7b733a323a226964223b733a313a2233223b733a383a2267726f75705f6964223b733a313a2233223b733a383a22757365726e616d65223b733a363a2261646d696e32223b733a343a226e616d61223b733a31323a22797573757068696461796174223b733a353a22656d61696c223b733a32313a22797573756678797a31313440676d61696c2e636f6d223b733a383a2270617373776f7264223b733a36303a22243279243130246c52687448475438677448514a4d5278734243554865635a36525a2f477564355a4c3575724a6d2e3873764a5666684f7777554632223b733a343a22666f746f223b733a31383a2232303139303632393230343731332e706e67223b733a363a2269645f726566223b733a313a2235223b733a31303a22637265617465645f6174223b733a31393a22303030302d30302d30302030303a30303a3030223b733a31303a22757064617465645f6174223b733a31393a22303030302d30302d30302030303a30303a3030223b733a31303a22736f667464656c657465223b733a313a2230223b733a31303a2267726f75705f6e616d61223b733a31343a224b616275706174656e2f4b6f7461223b733a31343a226b616275706174656e5f6b6f7461223b733a383a2253554b414d415241223b7d),
('9npom7suj3oq4m5nevvrun4v8ann9odo', '::1', 1562143609, 0x5f5f63695f6c6173745f726567656e65726174657c693a313536323134333630393b6163746976655f757365727c4f3a383a22737464436c617373223a31323a7b733a323a226964223b733a313a2231223b733a383a2267726f75705f6964223b733a313a2231223b733a383a22757365726e616d65223b733a31333a2261646d696e6973747261746f72223b733a343a226e616d61223b733a31313a2253757065722041646d696e223b733a353a22656d61696c223b733a31373a2261646d696e40676d61696c2e636f6d0d0a223b733a383a2270617373776f7264223b733a36303a222432792431302431316c674a36365735654b55353674655a665447372e6f2e4f3356556d77576652534878782e6f396f443047584a70726173733936223b733a343a22666f746f223b733a31383a2232303139303632373031343632342e706e67223b733a363a2269645f726566223b733a313a2230223b733a31303a22637265617465645f6174223b733a31393a22323031392d30362d32302030323a30333a3033223b733a31303a22757064617465645f6174223b733a31393a22323031392d30362d32302030323a30333a3033223b733a31303a22736f667464656c657465223b733a313a2230223b733a31303a2267726f75705f6e616d61223b733a31313a2253757065722041646d696e223b7d);
INSERT INTO `ci_sessions` (`id`, `ip_address`, `timestamp`, `data`) VALUES
('9plt9r43qjrebccdv0la31vugt71ctbv', '::1', 1561905793, 0x5f5f63695f6c6173745f726567656e65726174657c693a313536313930353739333b6163746976655f757365727c4f3a383a22737464436c617373223a31323a7b733a323a226964223b733a313a2231223b733a383a2267726f75705f6964223b733a313a2231223b733a383a22757365726e616d65223b733a31333a2261646d696e6973747261746f72223b733a343a226e616d61223b733a31313a2253757065722041646d696e223b733a353a22656d61696c223b733a31373a2261646d696e40676d61696c2e636f6d0d0a223b733a383a2270617373776f7264223b733a36303a222432792431302431316c674a36365735654b55353674655a665447372e6f2e4f3356556d77576652534878782e6f396f443047584a70726173733936223b733a343a22666f746f223b733a31383a2232303139303632373031343632342e706e67223b733a363a2269645f726566223b733a313a2230223b733a31303a22637265617465645f6174223b733a31393a22323031392d30362d32302030323a30333a3033223b733a31303a22757064617465645f6174223b733a31393a22323031392d30362d32302030323a30333a3033223b733a31303a22736f667464656c657465223b733a313a2230223b733a31303a2267726f75705f6e616d61223b733a31313a2253757065722041646d696e223b7d),
('a0jfg3eevv9fjko7jgv5s4gtjhl9khig', '::1', 1562178543, 0x5f5f63695f6c6173745f726567656e65726174657c693a313536323137383534333b6163746976655f757365727c4f3a383a22737464436c617373223a31333a7b733a323a226964223b733a313a2236223b733a383a2267726f75705f6964223b733a313a2232223b733a383a22757365726e616d65223b733a353a22746974696b223b733a343a226e616d61223b733a353a22746974696b223b733a353a22656d61696c223b733a32303a22656c6973616669726e6140676d61696c2e636f6d223b733a383a2270617373776f7264223b733a36303a2224327924313024666861574e556c5636457865634a4c7631324b67617549336337555655324e733154524d4b49503571654c494961466d73534c5132223b733a343a22666f746f223b733a31383a2232303139303632353232353632332e706e67223b733a363a2269645f726566223b733a313a2231223b733a31303a22637265617465645f6174223b733a31393a22303030302d30302d30302030303a30303a3030223b733a31303a22757064617465645f6174223b733a31393a22303030302d30302d30302030303a30303a3030223b733a31303a22736f667464656c657465223b733a313a2230223b733a31303a2267726f75705f6e616d61223b4e3b733a31303a22646972656b746f726174223b733a343a22444a5042223b7d),
('a1reaqo6f9et53fe7lpg228rt5s36b1e', '::1', 1561806285, 0x5f5f63695f6c6173745f726567656e65726174657c693a313536313830363238353b6163746976655f757365727c4f3a383a22737464436c617373223a31323a7b733a323a226964223b733a313a2231223b733a383a2267726f75705f6964223b733a313a2231223b733a383a22757365726e616d65223b733a31333a2261646d696e6973747261746f72223b733a343a226e616d61223b733a31313a2253757065722041646d696e223b733a353a22656d61696c223b733a31373a2261646d696e40676d61696c2e636f6d0d0a223b733a383a2270617373776f7264223b733a36303a222432792431302431316c674a36365735654b55353674655a665447372e6f2e4f3356556d77576652534878782e6f396f443047584a70726173733936223b733a343a22666f746f223b733a31383a2232303139303632373031343632342e706e67223b733a363a2269645f726566223b733a313a2230223b733a31303a22637265617465645f6174223b733a31393a22323031392d30362d32302030323a30333a3033223b733a31303a22757064617465645f6174223b733a31393a22323031392d30362d32302030323a30333a3033223b733a31303a22736f667464656c657465223b733a313a2230223b733a31303a2267726f75705f6e616d61223b733a31313a2253757065722041646d696e223b7d),
('a7jqdtk15hnfla8hf3gk1vvfprk9fm70', '::1', 1561834199, 0x5f5f63695f6c6173745f726567656e65726174657c693a313536313833343139393b6163746976655f757365727c4f3a383a22737464436c617373223a31333a7b733a323a226964223b733a313a2236223b733a383a2267726f75705f6964223b733a313a2232223b733a383a22757365726e616d65223b733a353a22746974696b223b733a343a226e616d61223b733a353a22746974696b223b733a353a22656d61696c223b733a32303a22656c6973616669726e6140676d61696c2e636f6d223b733a383a2270617373776f7264223b733a36303a2224327924313024666861574e556c5636457865634a4c7631324b67617549336337555655324e733154524d4b49503571654c494961466d73534c5132223b733a343a22666f746f223b733a31383a2232303139303632353232353632332e706e67223b733a363a2269645f726566223b733a313a2231223b733a31303a22637265617465645f6174223b733a31393a22303030302d30302d30302030303a30303a3030223b733a31303a22757064617465645f6174223b733a31393a22303030302d30302d30302030303a30303a3030223b733a31303a22736f667464656c657465223b733a313a2230223b733a31303a2267726f75705f6e616d61223b4e3b733a31303a22646972656b746f726174223b733a343a22444a5042223b7d),
('a99i49tbinj4of8djpb370lmepu2seif', '::1', 1561999782, 0x5f5f63695f6c6173745f726567656e65726174657c693a313536313939393738323b6163746976655f757365727c4f3a383a22737464436c617373223a31323a7b733a323a226964223b733a313a2231223b733a383a2267726f75705f6964223b733a313a2231223b733a383a22757365726e616d65223b733a31333a2261646d696e6973747261746f72223b733a343a226e616d61223b733a31313a2253757065722041646d696e223b733a353a22656d61696c223b733a31373a2261646d696e40676d61696c2e636f6d0d0a223b733a383a2270617373776f7264223b733a36303a222432792431302431316c674a36365735654b55353674655a665447372e6f2e4f3356556d77576652534878782e6f396f443047584a70726173733936223b733a343a22666f746f223b733a31383a2232303139303632373031343632342e706e67223b733a363a2269645f726566223b733a313a2230223b733a31303a22637265617465645f6174223b733a31393a22323031392d30362d32302030323a30333a3033223b733a31303a22757064617465645f6174223b733a31393a22323031392d30362d32302030323a30333a3033223b733a31303a22736f667464656c657465223b733a313a2230223b733a31303a2267726f75705f6e616d61223b733a31313a2253757065722041646d696e223b7d),
('aes51u6qhsqh422ugq4mka2phucu8lve', '::1', 1561804706, 0x5f5f63695f6c6173745f726567656e65726174657c693a313536313830343730363b6163746976655f757365727c4f3a383a22737464436c617373223a31323a7b733a323a226964223b733a313a2231223b733a383a2267726f75705f6964223b733a313a2231223b733a383a22757365726e616d65223b733a31333a2261646d696e6973747261746f72223b733a343a226e616d61223b733a31313a2253757065722041646d696e223b733a353a22656d61696c223b733a31373a2261646d696e40676d61696c2e636f6d0d0a223b733a383a2270617373776f7264223b733a36303a222432792431302431316c674a36365735654b55353674655a665447372e6f2e4f3356556d77576652534878782e6f396f443047584a70726173733936223b733a343a22666f746f223b733a31383a2232303139303632373031343632342e706e67223b733a363a2269645f726566223b733a313a2230223b733a31303a22637265617465645f6174223b733a31393a22323031392d30362d32302030323a30333a3033223b733a31303a22757064617465645f6174223b733a31393a22323031392d30362d32302030323a30333a3033223b733a31303a22736f667464656c657465223b733a313a2230223b733a31303a2267726f75705f6e616d61223b733a31313a2253757065722041646d696e223b7d),
('agnkjou2upc8rrspv4jnbut5pfqad3gu', '::1', 1562161515, 0x5f5f63695f6c6173745f726567656e65726174657c693a313536323136313531353b6163746976655f757365727c4f3a383a22737464436c617373223a31333a7b733a323a226964223b733a313a2236223b733a383a2267726f75705f6964223b733a313a2232223b733a383a22757365726e616d65223b733a353a22746974696b223b733a343a226e616d61223b733a353a22746974696b223b733a353a22656d61696c223b733a32303a22656c6973616669726e6140676d61696c2e636f6d223b733a383a2270617373776f7264223b733a36303a2224327924313024666861574e556c5636457865634a4c7631324b67617549336337555655324e733154524d4b49503571654c494961466d73534c5132223b733a343a22666f746f223b733a31383a2232303139303632353232353632332e706e67223b733a363a2269645f726566223b733a313a2231223b733a31303a22637265617465645f6174223b733a31393a22303030302d30302d30302030303a30303a3030223b733a31303a22757064617465645f6174223b733a31393a22303030302d30302d30302030303a30303a3030223b733a31303a22736f667464656c657465223b733a313a2230223b733a31303a2267726f75705f6e616d61223b4e3b733a31303a22646972656b746f726174223b733a343a22444a5042223b7d),
('ak12bdlm6d4kumgdr2c1in01ihaivuc6', '::1', 1562250539, 0x5f5f63695f6c6173745f726567656e65726174657c693a313536323235303533393b6163746976655f757365727c4f3a383a22737464436c617373223a31333a7b733a323a226964223b733a313a2236223b733a383a2267726f75705f6964223b733a313a2232223b733a383a22757365726e616d65223b733a353a22746974696b223b733a343a226e616d61223b733a353a22746974696b223b733a353a22656d61696c223b733a32303a22656c6973616669726e6140676d61696c2e636f6d223b733a383a2270617373776f7264223b733a36303a2224327924313024666861574e556c5636457865634a4c7631324b67617549336337555655324e733154524d4b49503571654c494961466d73534c5132223b733a343a22666f746f223b733a31383a2232303139303730343134333634342e706e67223b733a363a2269645f726566223b733a313a2231223b733a31303a22637265617465645f6174223b733a31393a22303030302d30302d30302030303a30303a3030223b733a31303a22757064617465645f6174223b733a31393a22303030302d30302d30302030303a30303a3030223b733a31303a22736f667464656c657465223b733a313a2230223b733a31303a2267726f75705f6e616d61223b4e3b733a31303a22646972656b746f726174223b733a343a22444a5042223b7d),
('alvvjrtjd9er9j9m0lqsp1cdljt4og3p', '::1', 1561805708, 0x5f5f63695f6c6173745f726567656e65726174657c693a313536313830353730383b6163746976655f757365727c4f3a383a22737464436c617373223a31333a7b733a323a226964223b733a313a2233223b733a383a2267726f75705f6964223b733a313a2233223b733a383a22757365726e616d65223b733a363a2261646d696e32223b733a343a226e616d61223b733a31323a22797573757068696461796174223b733a353a22656d61696c223b733a32313a22797573756678797a31313440676d61696c2e636f6d223b733a383a2270617373776f7264223b733a36303a22243279243130246c52687448475438677448514a4d5278734243554865635a36525a2f477564355a4c3575724a6d2e3873764a5666684f7777554632223b733a343a22666f746f223b733a31383a2232303139303632353232353535342e706e67223b733a363a2269645f726566223b733a313a2235223b733a31303a22637265617465645f6174223b733a31393a22303030302d30302d30302030303a30303a3030223b733a31303a22757064617465645f6174223b733a31393a22303030302d30302d30302030303a30303a3030223b733a31303a22736f667464656c657465223b733a313a2230223b733a31303a2267726f75705f6e616d61223b733a31343a224b616275706174656e2f4b6f7461223b733a31343a226b616275706174656e5f6b6f7461223b733a383a2253554b414d415241223b7d),
('an1uh3mu2qp69b33sn734pngv7hanmnp', '::1', 1562249872, 0x5f5f63695f6c6173745f726567656e65726174657c693a313536323234393837323b6163746976655f757365727c4f3a383a22737464436c617373223a31333a7b733a323a226964223b733a313a2236223b733a383a2267726f75705f6964223b733a313a2232223b733a383a22757365726e616d65223b733a353a22746974696b223b733a343a226e616d61223b733a353a22746974696b223b733a353a22656d61696c223b733a32303a22656c6973616669726e6140676d61696c2e636f6d223b733a383a2270617373776f7264223b733a36303a2224327924313024666861574e556c5636457865634a4c7631324b67617549336337555655324e733154524d4b49503571654c494961466d73534c5132223b733a343a22666f746f223b733a31383a2232303139303730343134333634342e706e67223b733a363a2269645f726566223b733a313a2231223b733a31303a22637265617465645f6174223b733a31393a22303030302d30302d30302030303a30303a3030223b733a31303a22757064617465645f6174223b733a31393a22303030302d30302d30302030303a30303a3030223b733a31303a22736f667464656c657465223b733a313a2230223b733a31303a2267726f75705f6e616d61223b4e3b733a31303a22646972656b746f726174223b733a343a22444a5042223b7d),
('b3ei75sfmcga40qbhvte8teovvf810se', '::1', 1561994386, 0x5f5f63695f6c6173745f726567656e65726174657c693a313536313939343338363b6163746976655f757365727c4f3a383a22737464436c617373223a31323a7b733a323a226964223b733a313a2231223b733a383a2267726f75705f6964223b733a313a2231223b733a383a22757365726e616d65223b733a31333a2261646d696e6973747261746f72223b733a343a226e616d61223b733a31313a2253757065722041646d696e223b733a353a22656d61696c223b733a31373a2261646d696e40676d61696c2e636f6d0d0a223b733a383a2270617373776f7264223b733a36303a222432792431302431316c674a36365735654b55353674655a665447372e6f2e4f3356556d77576652534878782e6f396f443047584a70726173733936223b733a343a22666f746f223b733a31383a2232303139303632373031343632342e706e67223b733a363a2269645f726566223b733a313a2230223b733a31303a22637265617465645f6174223b733a31393a22323031392d30362d32302030323a30333a3033223b733a31303a22757064617465645f6174223b733a31393a22323031392d30362d32302030323a30333a3033223b733a31303a22736f667464656c657465223b733a313a2230223b733a31303a2267726f75705f6e616d61223b733a31313a2253757065722041646d696e223b7d),
('begls9ac8hna01tnac7hk1vofg42fr5t', '::1', 1562135362, 0x5f5f63695f6c6173745f726567656e65726174657c693a313536323133353336323b6163746976655f757365727c4f3a383a22737464436c617373223a31323a7b733a323a226964223b733a313a2231223b733a383a2267726f75705f6964223b733a313a2231223b733a383a22757365726e616d65223b733a31333a2261646d696e6973747261746f72223b733a343a226e616d61223b733a31313a2253757065722041646d696e223b733a353a22656d61696c223b733a31373a2261646d696e40676d61696c2e636f6d0d0a223b733a383a2270617373776f7264223b733a36303a222432792431302431316c674a36365735654b55353674655a665447372e6f2e4f3356556d77576652534878782e6f396f443047584a70726173733936223b733a343a22666f746f223b733a31383a2232303139303632373031343632342e706e67223b733a363a2269645f726566223b733a313a2230223b733a31303a22637265617465645f6174223b733a31393a22323031392d30362d32302030323a30333a3033223b733a31303a22757064617465645f6174223b733a31393a22323031392d30362d32302030323a30333a3033223b733a31303a22736f667464656c657465223b733a313a2230223b733a31303a2267726f75705f6e616d61223b733a31313a2253757065722041646d696e223b7d),
('bh5hd8pekegm519ul48fsi35a4qv1srd', '::1', 1561834554, 0x5f5f63695f6c6173745f726567656e65726174657c693a313536313833343535343b6163746976655f757365727c4f3a383a22737464436c617373223a31333a7b733a323a226964223b733a313a2236223b733a383a2267726f75705f6964223b733a313a2232223b733a383a22757365726e616d65223b733a353a22746974696b223b733a343a226e616d61223b733a353a22746974696b223b733a353a22656d61696c223b733a32303a22656c6973616669726e6140676d61696c2e636f6d223b733a383a2270617373776f7264223b733a36303a2224327924313024666861574e556c5636457865634a4c7631324b67617549336337555655324e733154524d4b49503571654c494961466d73534c5132223b733a343a22666f746f223b733a31383a2232303139303632353232353632332e706e67223b733a363a2269645f726566223b733a313a2231223b733a31303a22637265617465645f6174223b733a31393a22303030302d30302d30302030303a30303a3030223b733a31303a22757064617465645f6174223b733a31393a22303030302d30302d30302030303a30303a3030223b733a31303a22736f667464656c657465223b733a313a2230223b733a31303a2267726f75705f6e616d61223b4e3b733a31303a22646972656b746f726174223b733a343a22444a5042223b7d),
('bv9m9vjss1kve0bslaq3kirfg9sfa00o', '::1', 1561808650, 0x5f5f63695f6c6173745f726567656e65726174657c693a313536313830383635303b6163746976655f757365727c4f3a383a22737464436c617373223a31323a7b733a323a226964223b733a313a2231223b733a383a2267726f75705f6964223b733a313a2231223b733a383a22757365726e616d65223b733a31333a2261646d696e6973747261746f72223b733a343a226e616d61223b733a31313a2253757065722041646d696e223b733a353a22656d61696c223b733a31373a2261646d696e40676d61696c2e636f6d0d0a223b733a383a2270617373776f7264223b733a36303a222432792431302431316c674a36365735654b55353674655a665447372e6f2e4f3356556d77576652534878782e6f396f443047584a70726173733936223b733a343a22666f746f223b733a31383a2232303139303632373031343632342e706e67223b733a363a2269645f726566223b733a313a2230223b733a31303a22637265617465645f6174223b733a31393a22323031392d30362d32302030323a30333a3033223b733a31303a22757064617465645f6174223b733a31393a22323031392d30362d32302030323a30333a3033223b733a31303a22736f667464656c657465223b733a313a2230223b733a31303a2267726f75705f6e616d61223b733a31313a2253757065722041646d696e223b7d),
('c5jdsuqvnj3qljjc4rca0i11vba81ccj', '::1', 1562249542, 0x5f5f63695f6c6173745f726567656e65726174657c693a313536323234393534323b6163746976655f757365727c4f3a383a22737464436c617373223a31333a7b733a323a226964223b733a313a2236223b733a383a2267726f75705f6964223b733a313a2232223b733a383a22757365726e616d65223b733a353a22746974696b223b733a343a226e616d61223b733a353a22746974696b223b733a353a22656d61696c223b733a32303a22656c6973616669726e6140676d61696c2e636f6d223b733a383a2270617373776f7264223b733a36303a2224327924313024666861574e556c5636457865634a4c7631324b67617549336337555655324e733154524d4b49503571654c494961466d73534c5132223b733a343a22666f746f223b733a31383a2232303139303730343134333634342e706e67223b733a363a2269645f726566223b733a313a2231223b733a31303a22637265617465645f6174223b733a31393a22303030302d30302d30302030303a30303a3030223b733a31303a22757064617465645f6174223b733a31393a22303030302d30302d30302030303a30303a3030223b733a31303a22736f667464656c657465223b733a313a2230223b733a31303a2267726f75705f6e616d61223b4e3b733a31303a22646972656b746f726174223b733a343a22444a5042223b7d),
('chm9pqrdbg8kgksjt2bpavsdadanpmv8', '::1', 1561997902, 0x5f5f63695f6c6173745f726567656e65726174657c693a313536313939373930323b6163746976655f757365727c4f3a383a22737464436c617373223a31323a7b733a323a226964223b733a313a2231223b733a383a2267726f75705f6964223b733a313a2231223b733a383a22757365726e616d65223b733a31333a2261646d696e6973747261746f72223b733a343a226e616d61223b733a31313a2253757065722041646d696e223b733a353a22656d61696c223b733a31373a2261646d696e40676d61696c2e636f6d0d0a223b733a383a2270617373776f7264223b733a36303a222432792431302431316c674a36365735654b55353674655a665447372e6f2e4f3356556d77576652534878782e6f396f443047584a70726173733936223b733a343a22666f746f223b733a31383a2232303139303632373031343632342e706e67223b733a363a2269645f726566223b733a313a2230223b733a31303a22637265617465645f6174223b733a31393a22323031392d30362d32302030323a30333a3033223b733a31303a22757064617465645f6174223b733a31393a22323031392d30362d32302030323a30333a3033223b733a31303a22736f667464656c657465223b733a313a2230223b733a31303a2267726f75705f6e616d61223b733a31313a2253757065722041646d696e223b7d),
('d13s7njrde8fgp9jd34tcjucjvca6drt', '::1', 1561820334, 0x5f5f63695f6c6173745f726567656e65726174657c693a313536313832303333343b6163746976655f757365727c4f3a383a22737464436c617373223a31333a7b733a323a226964223b733a313a2233223b733a383a2267726f75705f6964223b733a313a2233223b733a383a22757365726e616d65223b733a363a2261646d696e32223b733a343a226e616d61223b733a31323a22797573757068696461796174223b733a353a22656d61696c223b733a32313a22797573756678797a31313440676d61696c2e636f6d223b733a383a2270617373776f7264223b733a36303a22243279243130246c52687448475438677448514a4d5278734243554865635a36525a2f477564355a4c3575724a6d2e3873764a5666684f7777554632223b733a343a22666f746f223b733a31383a2232303139303632353232353535342e706e67223b733a363a2269645f726566223b733a313a2235223b733a31303a22637265617465645f6174223b733a31393a22303030302d30302d30302030303a30303a3030223b733a31303a22757064617465645f6174223b733a31393a22303030302d30302d30302030303a30303a3030223b733a31303a22736f667464656c657465223b733a313a2230223b733a31303a2267726f75705f6e616d61223b733a31343a224b616275706174656e2f4b6f7461223b733a31343a226b616275706174656e5f6b6f7461223b733a383a2253554b414d415241223b7d),
('d194no4m9u5ohkvjjg3ht6hmrshbscjq', '::1', 1561807366, 0x5f5f63695f6c6173745f726567656e65726174657c693a313536313830373336363b6163746976655f757365727c4f3a383a22737464436c617373223a31323a7b733a323a226964223b733a313a2231223b733a383a2267726f75705f6964223b733a313a2231223b733a383a22757365726e616d65223b733a31333a2261646d696e6973747261746f72223b733a343a226e616d61223b733a31313a2253757065722041646d696e223b733a353a22656d61696c223b733a31373a2261646d696e40676d61696c2e636f6d0d0a223b733a383a2270617373776f7264223b733a36303a222432792431302431316c674a36365735654b55353674655a665447372e6f2e4f3356556d77576652534878782e6f396f443047584a70726173733936223b733a343a22666f746f223b733a31383a2232303139303632373031343632342e706e67223b733a363a2269645f726566223b733a313a2230223b733a31303a22637265617465645f6174223b733a31393a22323031392d30362d32302030323a30333a3033223b733a31303a22757064617465645f6174223b733a31393a22323031392d30362d32302030323a30333a3033223b733a31303a22736f667464656c657465223b733a313a2230223b733a31303a2267726f75705f6e616d61223b733a31313a2253757065722041646d696e223b7d),
('d9brl2o36vfkh9p54j1tbnirrgl68up3', '::1', 1561895789, 0x5f5f63695f6c6173745f726567656e65726174657c693a313536313839353738393b6163746976655f757365727c4f3a383a22737464436c617373223a31323a7b733a323a226964223b733a313a2231223b733a383a2267726f75705f6964223b733a313a2231223b733a383a22757365726e616d65223b733a31333a2261646d696e6973747261746f72223b733a343a226e616d61223b733a31313a2253757065722041646d696e223b733a353a22656d61696c223b733a31373a2261646d696e40676d61696c2e636f6d0d0a223b733a383a2270617373776f7264223b733a36303a222432792431302431316c674a36365735654b55353674655a665447372e6f2e4f3356556d77576652534878782e6f396f443047584a70726173733936223b733a343a22666f746f223b733a31383a2232303139303632373031343632342e706e67223b733a363a2269645f726566223b733a313a2230223b733a31303a22637265617465645f6174223b733a31393a22323031392d30362d32302030323a30333a3033223b733a31303a22757064617465645f6174223b733a31393a22323031392d30362d32302030323a30333a3033223b733a31303a22736f667464656c657465223b733a313a2230223b733a31303a2267726f75705f6e616d61223b733a31313a2253757065722041646d696e223b7d),
('deqj0p3gbipguu2kg6lpotqb8lmdjbs9', '::1', 1562014467, 0x5f5f63695f6c6173745f726567656e65726174657c693a313536323031333335373b6163746976655f757365727c4f3a383a22737464436c617373223a31323a7b733a323a226964223b733a313a2231223b733a383a2267726f75705f6964223b733a313a2231223b733a383a22757365726e616d65223b733a31333a2261646d696e6973747261746f72223b733a343a226e616d61223b733a31313a2253757065722041646d696e223b733a353a22656d61696c223b733a31373a2261646d696e40676d61696c2e636f6d0d0a223b733a383a2270617373776f7264223b733a36303a222432792431302431316c674a36365735654b55353674655a665447372e6f2e4f3356556d77576652534878782e6f396f443047584a70726173733936223b733a343a22666f746f223b733a31383a2232303139303632373031343632342e706e67223b733a363a2269645f726566223b733a313a2230223b733a31303a22637265617465645f6174223b733a31393a22323031392d30362d32302030323a30333a3033223b733a31303a22757064617465645f6174223b733a31393a22323031392d30362d32302030323a30333a3033223b733a31303a22736f667464656c657465223b733a313a2230223b733a31303a2267726f75705f6e616d61223b733a31313a2253757065722041646d696e223b7d),
('dhle5h8qjap70f9b7pcrfptia3b7sb8f', '::1', 1561820674, 0x5f5f63695f6c6173745f726567656e65726174657c693a313536313832303637343b6163746976655f757365727c4f3a383a22737464436c617373223a31333a7b733a323a226964223b733a313a2233223b733a383a2267726f75705f6964223b733a313a2233223b733a383a22757365726e616d65223b733a363a2261646d696e32223b733a343a226e616d61223b733a31323a22797573757068696461796174223b733a353a22656d61696c223b733a32313a22797573756678797a31313440676d61696c2e636f6d223b733a383a2270617373776f7264223b733a36303a22243279243130246c52687448475438677448514a4d5278734243554865635a36525a2f477564355a4c3575724a6d2e3873764a5666684f7777554632223b733a343a22666f746f223b733a31383a2232303139303632393230343731332e706e67223b733a363a2269645f726566223b733a313a2235223b733a31303a22637265617465645f6174223b733a31393a22303030302d30302d30302030303a30303a3030223b733a31303a22757064617465645f6174223b733a31393a22303030302d30302d30302030303a30303a3030223b733a31303a22736f667464656c657465223b733a313a2230223b733a31303a2267726f75705f6e616d61223b733a31343a224b616275706174656e2f4b6f7461223b733a31343a226b616275706174656e5f6b6f7461223b733a383a2253554b414d415241223b7d),
('dnmgsdv9liftn2mci6ibv32an66f1qov', '::1', 1562143698, 0x5f5f63695f6c6173745f726567656e65726174657c693a313536323134333638323b6163746976655f757365727c4f3a383a22737464436c617373223a31323a7b733a323a226964223b733a313a2231223b733a383a2267726f75705f6964223b733a313a2231223b733a383a22757365726e616d65223b733a31333a2261646d696e6973747261746f72223b733a343a226e616d61223b733a31313a2253757065722041646d696e223b733a353a22656d61696c223b733a31373a2261646d696e40676d61696c2e636f6d0d0a223b733a383a2270617373776f7264223b733a36303a222432792431302431316c674a36365735654b55353674655a665447372e6f2e4f3356556d77576652534878782e6f396f443047584a70726173733936223b733a343a22666f746f223b733a31383a2232303139303632373031343632342e706e67223b733a363a2269645f726566223b733a313a2230223b733a31303a22637265617465645f6174223b733a31393a22323031392d30362d32302030323a30333a3033223b733a31303a22757064617465645f6174223b733a31393a22323031392d30362d32302030323a30333a3033223b733a31303a22736f667464656c657465223b733a313a2230223b733a31303a2267726f75705f6e616d61223b733a31313a2253757065722041646d696e223b7d),
('dqqm531lf5gmqme35rq7iqlluj2kfhhk', '::1', 1561809048, 0x5f5f63695f6c6173745f726567656e65726174657c693a313536313830393034383b6163746976655f757365727c4f3a383a22737464436c617373223a31323a7b733a323a226964223b733a313a2231223b733a383a2267726f75705f6964223b733a313a2231223b733a383a22757365726e616d65223b733a31333a2261646d696e6973747261746f72223b733a343a226e616d61223b733a31313a2253757065722041646d696e223b733a353a22656d61696c223b733a31373a2261646d696e40676d61696c2e636f6d0d0a223b733a383a2270617373776f7264223b733a36303a222432792431302431316c674a36365735654b55353674655a665447372e6f2e4f3356556d77576652534878782e6f396f443047584a70726173733936223b733a343a22666f746f223b733a31383a2232303139303632373031343632342e706e67223b733a363a2269645f726566223b733a313a2230223b733a31303a22637265617465645f6174223b733a31393a22323031392d30362d32302030323a30333a3033223b733a31303a22757064617465645f6174223b733a31393a22323031392d30362d32302030323a30333a3033223b733a31303a22736f667464656c657465223b733a313a2230223b733a31303a2267726f75705f6e616d61223b733a31313a2253757065722041646d696e223b7d),
('dt4m31eolvq05b26ae4vlmu9e5lg0j2i', '::1', 1562249104, 0x5f5f63695f6c6173745f726567656e65726174657c693a313536323234393130343b6163746976655f757365727c4f3a383a22737464436c617373223a31333a7b733a323a226964223b733a313a2236223b733a383a2267726f75705f6964223b733a313a2232223b733a383a22757365726e616d65223b733a353a22746974696b223b733a343a226e616d61223b733a353a22746974696b223b733a353a22656d61696c223b733a32303a22656c6973616669726e6140676d61696c2e636f6d223b733a383a2270617373776f7264223b733a36303a2224327924313024666861574e556c5636457865634a4c7631324b67617549336337555655324e733154524d4b49503571654c494961466d73534c5132223b733a343a22666f746f223b733a31383a2232303139303730343134333634342e706e67223b733a363a2269645f726566223b733a313a2231223b733a31303a22637265617465645f6174223b733a31393a22303030302d30302d30302030303a30303a3030223b733a31303a22757064617465645f6174223b733a31393a22303030302d30302d30302030303a30303a3030223b733a31303a22736f667464656c657465223b733a313a2230223b733a31303a2267726f75705f6e616d61223b4e3b733a31303a22646972656b746f726174223b733a343a22444a5042223b7d),
('duq4ih8106n84an92h7oar7h13kjihfv', '::1', 1562182237, 0x5f5f63695f6c6173745f726567656e65726174657c693a313536323138323132353b6163746976655f757365727c4f3a383a22737464436c617373223a31333a7b733a323a226964223b733a313a2236223b733a383a2267726f75705f6964223b733a313a2232223b733a383a22757365726e616d65223b733a353a22746974696b223b733a343a226e616d61223b733a353a22746974696b223b733a353a22656d61696c223b733a32303a22656c6973616669726e6140676d61696c2e636f6d223b733a383a2270617373776f7264223b733a36303a2224327924313024666861574e556c5636457865634a4c7631324b67617549336337555655324e733154524d4b49503571654c494961466d73534c5132223b733a343a22666f746f223b733a31383a2232303139303632353232353632332e706e67223b733a363a2269645f726566223b733a313a2231223b733a31303a22637265617465645f6174223b733a31393a22303030302d30302d30302030303a30303a3030223b733a31303a22757064617465645f6174223b733a31393a22303030302d30302d30302030303a30303a3030223b733a31303a22736f667464656c657465223b733a313a2230223b733a31303a2267726f75705f6e616d61223b4e3b733a31303a22646972656b746f726174223b733a343a22444a5042223b7d),
('e46gdql63nteui1h8ddg8k927qj7tv5c', '::1', 1562160827, 0x5f5f63695f6c6173745f726567656e65726174657c693a313536323136303832373b6163746976655f757365727c4f3a383a22737464436c617373223a31333a7b733a323a226964223b733a313a2233223b733a383a2267726f75705f6964223b733a313a2233223b733a383a22757365726e616d65223b733a363a2261646d696e32223b733a343a226e616d61223b733a31323a22797573757068696461796174223b733a353a22656d61696c223b733a32313a22797573756678797a31313440676d61696c2e636f6d223b733a383a2270617373776f7264223b733a36303a22243279243130246c52687448475438677448514a4d5278734243554865635a36525a2f477564355a4c3575724a6d2e3873764a5666684f7777554632223b733a343a22666f746f223b733a31383a2232303139303632393230343731332e706e67223b733a363a2269645f726566223b733a313a2235223b733a31303a22637265617465645f6174223b733a31393a22303030302d30302d30302030303a30303a3030223b733a31303a22757064617465645f6174223b733a31393a22303030302d30302d30302030303a30303a3030223b733a31303a22736f667464656c657465223b733a313a2230223b733a31303a2267726f75705f6e616d61223b733a31343a224b616275706174656e2f4b6f7461223b733a31343a226b616275706174656e5f6b6f7461223b733a383a2253554b414d415241223b7d),
('ej06g6m0t6n7jsa0sjhvudp0m9a2snm2', '::1', 1562012850, 0x5f5f63695f6c6173745f726567656e65726174657c693a313536323031323835303b6163746976655f757365727c4f3a383a22737464436c617373223a31333a7b733a323a226964223b733a313a2233223b733a383a2267726f75705f6964223b733a313a2233223b733a383a22757365726e616d65223b733a363a2261646d696e32223b733a343a226e616d61223b733a31323a22797573757068696461796174223b733a353a22656d61696c223b733a32313a22797573756678797a31313440676d61696c2e636f6d223b733a383a2270617373776f7264223b733a36303a22243279243130246c52687448475438677448514a4d5278734243554865635a36525a2f477564355a4c3575724a6d2e3873764a5666684f7777554632223b733a343a22666f746f223b733a31383a2232303139303632393230343731332e706e67223b733a363a2269645f726566223b733a313a2235223b733a31303a22637265617465645f6174223b733a31393a22303030302d30302d30302030303a30303a3030223b733a31303a22757064617465645f6174223b733a31393a22303030302d30302d30302030303a30303a3030223b733a31303a22736f667464656c657465223b733a313a2230223b733a31303a2267726f75705f6e616d61223b733a31343a224b616275706174656e2f4b6f7461223b733a31343a226b616275706174656e5f6b6f7461223b733a383a2253554b414d415241223b7d),
('ekppipj21421lpvi95ulfj13qkthuugs', '::1', 1561805008, 0x5f5f63695f6c6173745f726567656e65726174657c693a313536313830353030383b6163746976655f757365727c4f3a383a22737464436c617373223a31323a7b733a323a226964223b733a313a2231223b733a383a2267726f75705f6964223b733a313a2231223b733a383a22757365726e616d65223b733a31333a2261646d696e6973747261746f72223b733a343a226e616d61223b733a31313a2253757065722041646d696e223b733a353a22656d61696c223b733a31373a2261646d696e40676d61696c2e636f6d0d0a223b733a383a2270617373776f7264223b733a36303a222432792431302431316c674a36365735654b55353674655a665447372e6f2e4f3356556d77576652534878782e6f396f443047584a70726173733936223b733a343a22666f746f223b733a31383a2232303139303632373031343632342e706e67223b733a363a2269645f726566223b733a313a2230223b733a31303a22637265617465645f6174223b733a31393a22323031392d30362d32302030323a30333a3033223b733a31303a22757064617465645f6174223b733a31393a22323031392d30362d32302030323a30333a3033223b733a31303a22736f667464656c657465223b733a313a2230223b733a31303a2267726f75705f6e616d61223b733a31313a2253757065722041646d696e223b7d),
('evbvdicfeshqqdvi72e89hqf98rislmv', '::1', 1561816012, 0x5f5f63695f6c6173745f726567656e65726174657c693a313536313831363031323b6163746976655f757365727c4f3a383a22737464436c617373223a31333a7b733a323a226964223b733a313a2233223b733a383a2267726f75705f6964223b733a313a2233223b733a383a22757365726e616d65223b733a363a2261646d696e32223b733a343a226e616d61223b733a31323a22797573757068696461796174223b733a353a22656d61696c223b733a32313a22797573756678797a31313440676d61696c2e636f6d223b733a383a2270617373776f7264223b733a36303a22243279243130246c52687448475438677448514a4d5278734243554865635a36525a2f477564355a4c3575724a6d2e3873764a5666684f7777554632223b733a343a22666f746f223b733a31383a2232303139303632353232353535342e706e67223b733a363a2269645f726566223b733a313a2235223b733a31303a22637265617465645f6174223b733a31393a22303030302d30302d30302030303a30303a3030223b733a31303a22757064617465645f6174223b733a31393a22303030302d30302d30302030303a30303a3030223b733a31303a22736f667464656c657465223b733a313a2230223b733a31303a2267726f75705f6e616d61223b733a31343a224b616275706174656e2f4b6f7461223b733a31343a226b616275706174656e5f6b6f7461223b733a383a2253554b414d415241223b7d),
('f0mgelm0affo8fho9e68pu6kbcinar89', '::1', 1562152655, 0x5f5f63695f6c6173745f726567656e65726174657c693a313536323135323635353b6163746976655f757365727c4f3a383a22737464436c617373223a31333a7b733a323a226964223b733a313a2233223b733a383a2267726f75705f6964223b733a313a2233223b733a383a22757365726e616d65223b733a363a2261646d696e32223b733a343a226e616d61223b733a31323a22797573757068696461796174223b733a353a22656d61696c223b733a32313a22797573756678797a31313440676d61696c2e636f6d223b733a383a2270617373776f7264223b733a36303a22243279243130246c52687448475438677448514a4d5278734243554865635a36525a2f477564355a4c3575724a6d2e3873764a5666684f7777554632223b733a343a22666f746f223b733a31383a2232303139303632393230343731332e706e67223b733a363a2269645f726566223b733a313a2235223b733a31303a22637265617465645f6174223b733a31393a22303030302d30302d30302030303a30303a3030223b733a31303a22757064617465645f6174223b733a31393a22303030302d30302d30302030303a30303a3030223b733a31303a22736f667464656c657465223b733a313a2230223b733a31303a2267726f75705f6e616d61223b733a31343a224b616275706174656e2f4b6f7461223b733a31343a226b616275706174656e5f6b6f7461223b733a383a2253554b414d415241223b7d),
('f2623fgq13fnv5b0b688m1kid9k2jh9v', '::1', 1561809755, 0x5f5f63695f6c6173745f726567656e65726174657c693a313536313830393735353b6163746976655f757365727c4f3a383a22737464436c617373223a31333a7b733a323a226964223b733a313a2233223b733a383a2267726f75705f6964223b733a313a2233223b733a383a22757365726e616d65223b733a363a2261646d696e32223b733a343a226e616d61223b733a31323a22797573757068696461796174223b733a353a22656d61696c223b733a32313a22797573756678797a31313440676d61696c2e636f6d223b733a383a2270617373776f7264223b733a36303a22243279243130246c52687448475438677448514a4d5278734243554865635a36525a2f477564355a4c3575724a6d2e3873764a5666684f7777554632223b733a343a22666f746f223b733a31383a2232303139303632353232353535342e706e67223b733a363a2269645f726566223b733a313a2235223b733a31303a22637265617465645f6174223b733a31393a22303030302d30302d30302030303a30303a3030223b733a31303a22757064617465645f6174223b733a31393a22303030302d30302d30302030303a30303a3030223b733a31303a22736f667464656c657465223b733a313a2230223b733a31303a2267726f75705f6e616d61223b733a31343a224b616275706174656e2f4b6f7461223b733a31343a226b616275706174656e5f6b6f7461223b733a383a2253554b414d415241223b7d),
('f2c47urbb6q3nlj35n09hvna3jvoemhi', '::1', 1562008763, 0x5f5f63695f6c6173745f726567656e65726174657c693a313536323030383736333b6163746976655f757365727c4f3a383a22737464436c617373223a31323a7b733a323a226964223b733a313a2231223b733a383a2267726f75705f6964223b733a313a2231223b733a383a22757365726e616d65223b733a31333a2261646d696e6973747261746f72223b733a343a226e616d61223b733a31313a2253757065722041646d696e223b733a353a22656d61696c223b733a31373a2261646d696e40676d61696c2e636f6d0d0a223b733a383a2270617373776f7264223b733a36303a222432792431302431316c674a36365735654b55353674655a665447372e6f2e4f3356556d77576652534878782e6f396f443047584a70726173733936223b733a343a22666f746f223b733a31383a2232303139303632373031343632342e706e67223b733a363a2269645f726566223b733a313a2230223b733a31303a22637265617465645f6174223b733a31393a22323031392d30362d32302030323a30333a3033223b733a31303a22757064617465645f6174223b733a31393a22323031392d30362d32302030323a30333a3033223b733a31303a22736f667464656c657465223b733a313a2230223b733a31303a2267726f75705f6e616d61223b733a31313a2253757065722041646d696e223b7d),
('f8234pi7ok5nt3gpnbbebtvjn82id7n2', '::1', 1562011797, 0x5f5f63695f6c6173745f726567656e65726174657c693a313536323031313739373b6163746976655f757365727c4f3a383a22737464436c617373223a31333a7b733a323a226964223b733a313a2236223b733a383a2267726f75705f6964223b733a313a2232223b733a383a22757365726e616d65223b733a353a22746974696b223b733a343a226e616d61223b733a353a22746974696b223b733a353a22656d61696c223b733a32303a22656c6973616669726e6140676d61696c2e636f6d223b733a383a2270617373776f7264223b733a36303a2224327924313024666861574e556c5636457865634a4c7631324b67617549336337555655324e733154524d4b49503571654c494961466d73534c5132223b733a343a22666f746f223b733a31383a2232303139303632353232353632332e706e67223b733a363a2269645f726566223b733a313a2231223b733a31303a22637265617465645f6174223b733a31393a22303030302d30302d30302030303a30303a3030223b733a31303a22757064617465645f6174223b733a31393a22303030302d30302d30302030303a30303a3030223b733a31303a22736f667464656c657465223b733a313a2230223b733a31303a2267726f75705f6e616d61223b4e3b733a31303a22646972656b746f726174223b733a343a22444a5042223b7d),
('fcho42ng0cq3sknmdqqc8donskgpeh6v', '::1', 1561997306, 0x5f5f63695f6c6173745f726567656e65726174657c693a313536313939373330363b6163746976655f757365727c4f3a383a22737464436c617373223a31323a7b733a323a226964223b733a313a2231223b733a383a2267726f75705f6964223b733a313a2231223b733a383a22757365726e616d65223b733a31333a2261646d696e6973747261746f72223b733a343a226e616d61223b733a31313a2253757065722041646d696e223b733a353a22656d61696c223b733a31373a2261646d696e40676d61696c2e636f6d0d0a223b733a383a2270617373776f7264223b733a36303a222432792431302431316c674a36365735654b55353674655a665447372e6f2e4f3356556d77576652534878782e6f396f443047584a70726173733936223b733a343a22666f746f223b733a31383a2232303139303632373031343632342e706e67223b733a363a2269645f726566223b733a313a2230223b733a31303a22637265617465645f6174223b733a31393a22323031392d30362d32302030323a30333a3033223b733a31303a22757064617465645f6174223b733a31393a22323031392d30362d32302030323a30333a3033223b733a31303a22736f667464656c657465223b733a313a2230223b733a31303a2267726f75705f6e616d61223b733a31313a2253757065722041646d696e223b7d),
('fi4elua9nvuum4eq5903c0iq7rjh8f14', '::1', 1562226146, 0x5f5f63695f6c6173745f726567656e65726174657c693a313536323232363134363b6163746976655f757365727c4f3a383a22737464436c617373223a31333a7b733a323a226964223b733a313a2236223b733a383a2267726f75705f6964223b733a313a2232223b733a383a22757365726e616d65223b733a353a22746974696b223b733a343a226e616d61223b733a353a22746974696b223b733a353a22656d61696c223b733a32303a22656c6973616669726e6140676d61696c2e636f6d223b733a383a2270617373776f7264223b733a36303a2224327924313024666861574e556c5636457865634a4c7631324b67617549336337555655324e733154524d4b49503571654c494961466d73534c5132223b733a343a22666f746f223b733a31383a2232303139303632353232353632332e706e67223b733a363a2269645f726566223b733a313a2231223b733a31303a22637265617465645f6174223b733a31393a22303030302d30302d30302030303a30303a3030223b733a31303a22757064617465645f6174223b733a31393a22303030302d30302d30302030303a30303a3030223b733a31303a22736f667464656c657465223b733a313a2230223b733a31303a2267726f75705f6e616d61223b4e3b733a31303a22646972656b746f726174223b733a343a22444a5042223b7d),
('fl0h798dobohcei383akhu7jf18f0ldq', '::1', 1562247544, 0x5f5f63695f6c6173745f726567656e65726174657c693a313536323234373534343b6163746976655f757365727c4f3a383a22737464436c617373223a31333a7b733a323a226964223b733a313a2236223b733a383a2267726f75705f6964223b733a313a2232223b733a383a22757365726e616d65223b733a353a22746974696b223b733a343a226e616d61223b733a353a22746974696b223b733a353a22656d61696c223b733a32303a22656c6973616669726e6140676d61696c2e636f6d223b733a383a2270617373776f7264223b733a36303a2224327924313024666861574e556c5636457865634a4c7631324b67617549336337555655324e733154524d4b49503571654c494961466d73534c5132223b733a343a22666f746f223b733a31383a2232303139303730343134333634342e706e67223b733a363a2269645f726566223b733a313a2231223b733a31303a22637265617465645f6174223b733a31393a22303030302d30302d30302030303a30303a3030223b733a31303a22757064617465645f6174223b733a31393a22303030302d30302d30302030303a30303a3030223b733a31303a22736f667464656c657465223b733a313a2230223b733a31303a2267726f75705f6e616d61223b4e3b733a31303a22646972656b746f726174223b733a343a22444a5042223b7d),
('fqkl5e5rlh8of88nvtl2tmhlehhnm4aa', '::1', 1562000506, 0x5f5f63695f6c6173745f726567656e65726174657c693a313536323030303530363b6163746976655f757365727c4f3a383a22737464436c617373223a31323a7b733a323a226964223b733a313a2231223b733a383a2267726f75705f6964223b733a313a2231223b733a383a22757365726e616d65223b733a31333a2261646d696e6973747261746f72223b733a343a226e616d61223b733a31313a2253757065722041646d696e223b733a353a22656d61696c223b733a31373a2261646d696e40676d61696c2e636f6d0d0a223b733a383a2270617373776f7264223b733a36303a222432792431302431316c674a36365735654b55353674655a665447372e6f2e4f3356556d77576652534878782e6f396f443047584a70726173733936223b733a343a22666f746f223b733a31383a2232303139303632373031343632342e706e67223b733a363a2269645f726566223b733a313a2230223b733a31303a22637265617465645f6174223b733a31393a22323031392d30362d32302030323a30333a3033223b733a31303a22757064617465645f6174223b733a31393a22323031392d30362d32302030323a30333a3033223b733a31303a22736f667464656c657465223b733a313a2230223b733a31303a2267726f75705f6e616d61223b733a31313a2253757065722041646d696e223b7d),
('g0k8sn6de39g1v0su8b1g5cbrahubrp2', '::1', 1562152273, 0x5f5f63695f6c6173745f726567656e65726174657c693a313536323135323237333b6163746976655f757365727c4f3a383a22737464436c617373223a31333a7b733a323a226964223b733a313a2233223b733a383a2267726f75705f6964223b733a313a2233223b733a383a22757365726e616d65223b733a363a2261646d696e32223b733a343a226e616d61223b733a31323a22797573757068696461796174223b733a353a22656d61696c223b733a32313a22797573756678797a31313440676d61696c2e636f6d223b733a383a2270617373776f7264223b733a36303a22243279243130246c52687448475438677448514a4d5278734243554865635a36525a2f477564355a4c3575724a6d2e3873764a5666684f7777554632223b733a343a22666f746f223b733a31383a2232303139303632393230343731332e706e67223b733a363a2269645f726566223b733a313a2235223b733a31303a22637265617465645f6174223b733a31393a22303030302d30302d30302030303a30303a3030223b733a31303a22757064617465645f6174223b733a31393a22303030302d30302d30302030303a30303a3030223b733a31303a22736f667464656c657465223b733a313a2230223b733a31303a2267726f75705f6e616d61223b733a31343a224b616275706174656e2f4b6f7461223b733a31343a226b616275706174656e5f6b6f7461223b733a383a2253554b414d415241223b7d),
('g10in611ndf19rp53clsdji7gcckk9mh', '::1', 1562142208, 0x5f5f63695f6c6173745f726567656e65726174657c693a313536323134323230383b6163746976655f757365727c4f3a383a22737464436c617373223a31333a7b733a323a226964223b733a313a2233223b733a383a2267726f75705f6964223b733a313a2233223b733a383a22757365726e616d65223b733a363a2261646d696e32223b733a343a226e616d61223b733a31323a22797573757068696461796174223b733a353a22656d61696c223b733a32313a22797573756678797a31313440676d61696c2e636f6d223b733a383a2270617373776f7264223b733a36303a22243279243130246c52687448475438677448514a4d5278734243554865635a36525a2f477564355a4c3575724a6d2e3873764a5666684f7777554632223b733a343a22666f746f223b733a31383a2232303139303632393230343731332e706e67223b733a363a2269645f726566223b733a313a2235223b733a31303a22637265617465645f6174223b733a31393a22303030302d30302d30302030303a30303a3030223b733a31303a22757064617465645f6174223b733a31393a22303030302d30302d30302030303a30303a3030223b733a31303a22736f667464656c657465223b733a313a2230223b733a31303a2267726f75705f6e616d61223b733a31343a224b616275706174656e2f4b6f7461223b733a31343a226b616275706174656e5f6b6f7461223b733a383a2253554b414d415241223b7d),
('g71kl9fvitisemepml4dj2g7emdo9gnq', '::1', 1561806604, 0x5f5f63695f6c6173745f726567656e65726174657c693a313536313830363630343b6163746976655f757365727c4f3a383a22737464436c617373223a31323a7b733a323a226964223b733a313a2231223b733a383a2267726f75705f6964223b733a313a2231223b733a383a22757365726e616d65223b733a31333a2261646d696e6973747261746f72223b733a343a226e616d61223b733a31313a2253757065722041646d696e223b733a353a22656d61696c223b733a31373a2261646d696e40676d61696c2e636f6d0d0a223b733a383a2270617373776f7264223b733a36303a222432792431302431316c674a36365735654b55353674655a665447372e6f2e4f3356556d77576652534878782e6f396f443047584a70726173733936223b733a343a22666f746f223b733a31383a2232303139303632373031343632342e706e67223b733a363a2269645f726566223b733a313a2230223b733a31303a22637265617465645f6174223b733a31393a22323031392d30362d32302030323a30333a3033223b733a31303a22757064617465645f6174223b733a31393a22323031392d30362d32302030323a30333a3033223b733a31303a22736f667464656c657465223b733a313a2230223b733a31303a2267726f75705f6e616d61223b733a31313a2253757065722041646d696e223b7d),
('gbj2416g1bnq8oif0dse4kdja92rgqal', '::1', 1562162755, 0x5f5f63695f6c6173745f726567656e65726174657c693a313536323136323735353b6163746976655f757365727c4f3a383a22737464436c617373223a31333a7b733a323a226964223b733a313a2236223b733a383a2267726f75705f6964223b733a313a2232223b733a383a22757365726e616d65223b733a353a22746974696b223b733a343a226e616d61223b733a353a22746974696b223b733a353a22656d61696c223b733a32303a22656c6973616669726e6140676d61696c2e636f6d223b733a383a2270617373776f7264223b733a36303a2224327924313024666861574e556c5636457865634a4c7631324b67617549336337555655324e733154524d4b49503571654c494961466d73534c5132223b733a343a22666f746f223b733a31383a2232303139303632353232353632332e706e67223b733a363a2269645f726566223b733a313a2231223b733a31303a22637265617465645f6174223b733a31393a22303030302d30302d30302030303a30303a3030223b733a31303a22757064617465645f6174223b733a31393a22303030302d30302d30302030303a30303a3030223b733a31303a22736f667464656c657465223b733a313a2230223b733a31303a2267726f75705f6e616d61223b4e3b733a31303a22646972656b746f726174223b733a343a22444a5042223b7d),
('gds8mg4jfmtl06434sbohg2he0jdv8gv', '::1', 1562125771, 0x5f5f63695f6c6173745f726567656e65726174657c693a313536323132353737313b6163746976655f757365727c4f3a383a22737464436c617373223a31323a7b733a323a226964223b733a313a2231223b733a383a2267726f75705f6964223b733a313a2231223b733a383a22757365726e616d65223b733a31333a2261646d696e6973747261746f72223b733a343a226e616d61223b733a31313a2253757065722041646d696e223b733a353a22656d61696c223b733a31373a2261646d696e40676d61696c2e636f6d0d0a223b733a383a2270617373776f7264223b733a36303a222432792431302431316c674a36365735654b55353674655a665447372e6f2e4f3356556d77576652534878782e6f396f443047584a70726173733936223b733a343a22666f746f223b733a31383a2232303139303632373031343632342e706e67223b733a363a2269645f726566223b733a313a2230223b733a31303a22637265617465645f6174223b733a31393a22323031392d30362d32302030323a30333a3033223b733a31303a22757064617465645f6174223b733a31393a22323031392d30362d32302030323a30333a3033223b733a31303a22736f667464656c657465223b733a313a2230223b733a31303a2267726f75705f6e616d61223b733a31313a2253757065722041646d696e223b7d),
('gl24utlvt35u24v8c2eiljq2if1ok04t', '::1', 1562153074, 0x5f5f63695f6c6173745f726567656e65726174657c693a313536323135333037343b6163746976655f757365727c4f3a383a22737464436c617373223a31333a7b733a323a226964223b733a313a2233223b733a383a2267726f75705f6964223b733a313a2233223b733a383a22757365726e616d65223b733a363a2261646d696e32223b733a343a226e616d61223b733a31323a22797573757068696461796174223b733a353a22656d61696c223b733a32313a22797573756678797a31313440676d61696c2e636f6d223b733a383a2270617373776f7264223b733a36303a22243279243130246c52687448475438677448514a4d5278734243554865635a36525a2f477564355a4c3575724a6d2e3873764a5666684f7777554632223b733a343a22666f746f223b733a31383a2232303139303632393230343731332e706e67223b733a363a2269645f726566223b733a313a2235223b733a31303a22637265617465645f6174223b733a31393a22303030302d30302d30302030303a30303a3030223b733a31303a22757064617465645f6174223b733a31393a22303030302d30302d30302030303a30303a3030223b733a31303a22736f667464656c657465223b733a313a2230223b733a31303a2267726f75705f6e616d61223b733a31343a224b616275706174656e2f4b6f7461223b733a31343a226b616275706174656e5f6b6f7461223b733a383a2253554b414d415241223b7d),
('h0nci05cn49aemt1tildtit0jtpcip66', '::1', 1562227095, 0x5f5f63695f6c6173745f726567656e65726174657c693a313536323232373039353b6163746976655f757365727c4f3a383a22737464436c617373223a31333a7b733a323a226964223b733a313a2236223b733a383a2267726f75705f6964223b733a313a2232223b733a383a22757365726e616d65223b733a353a22746974696b223b733a343a226e616d61223b733a353a22746974696b223b733a353a22656d61696c223b733a32303a22656c6973616669726e6140676d61696c2e636f6d223b733a383a2270617373776f7264223b733a36303a2224327924313024666861574e556c5636457865634a4c7631324b67617549336337555655324e733154524d4b49503571654c494961466d73534c5132223b733a343a22666f746f223b733a31383a2232303139303632353232353632332e706e67223b733a363a2269645f726566223b733a313a2231223b733a31303a22637265617465645f6174223b733a31393a22303030302d30302d30302030303a30303a3030223b733a31303a22757064617465645f6174223b733a31393a22303030302d30302d30302030303a30303a3030223b733a31303a22736f667464656c657465223b733a313a2230223b733a31303a2267726f75705f6e616d61223b4e3b733a31303a22646972656b746f726174223b733a343a22444a5042223b7d),
('h39gckb9f5js00ok6gm3l84d04tqcfud', '::1', 1561978388, 0x5f5f63695f6c6173745f726567656e65726174657c693a313536313937383338383b6163746976655f757365727c4f3a383a22737464436c617373223a31323a7b733a323a226964223b733a313a2231223b733a383a2267726f75705f6964223b733a313a2231223b733a383a22757365726e616d65223b733a31333a2261646d696e6973747261746f72223b733a343a226e616d61223b733a31313a2253757065722041646d696e223b733a353a22656d61696c223b733a31373a2261646d696e40676d61696c2e636f6d0d0a223b733a383a2270617373776f7264223b733a36303a222432792431302431316c674a36365735654b55353674655a665447372e6f2e4f3356556d77576652534878782e6f396f443047584a70726173733936223b733a343a22666f746f223b733a31383a2232303139303632373031343632342e706e67223b733a363a2269645f726566223b733a313a2230223b733a31303a22637265617465645f6174223b733a31393a22323031392d30362d32302030323a30333a3033223b733a31303a22757064617465645f6174223b733a31393a22323031392d30362d32302030323a30333a3033223b733a31303a22736f667464656c657465223b733a313a2230223b733a31303a2267726f75705f6e616d61223b733a31313a2253757065722041646d696e223b7d),
('h3dph3jtmele95pgpr2h3osjnd03trba', '::1', 1562005548, 0x5f5f63695f6c6173745f726567656e65726174657c693a313536323030353534383b6163746976655f757365727c4f3a383a22737464436c617373223a31323a7b733a323a226964223b733a313a2231223b733a383a2267726f75705f6964223b733a313a2231223b733a383a22757365726e616d65223b733a31333a2261646d696e6973747261746f72223b733a343a226e616d61223b733a31313a2253757065722041646d696e223b733a353a22656d61696c223b733a31373a2261646d696e40676d61696c2e636f6d0d0a223b733a383a2270617373776f7264223b733a36303a222432792431302431316c674a36365735654b55353674655a665447372e6f2e4f3356556d77576652534878782e6f396f443047584a70726173733936223b733a343a22666f746f223b733a31383a2232303139303632373031343632342e706e67223b733a363a2269645f726566223b733a313a2230223b733a31303a22637265617465645f6174223b733a31393a22323031392d30362d32302030323a30333a3033223b733a31303a22757064617465645f6174223b733a31393a22323031392d30362d32302030323a30333a3033223b733a31303a22736f667464656c657465223b733a313a2230223b733a31303a2267726f75705f6e616d61223b733a31313a2253757065722041646d696e223b7d);
INSERT INTO `ci_sessions` (`id`, `ip_address`, `timestamp`, `data`) VALUES
('h7rr8jnhrh6jvvj5fqkiu0btp0q1fo1u', '::1', 1562009346, 0x5f5f63695f6c6173745f726567656e65726174657c693a313536323030393334363b6163746976655f757365727c4f3a383a22737464436c617373223a31333a7b733a323a226964223b733a313a2233223b733a383a2267726f75705f6964223b733a313a2233223b733a383a22757365726e616d65223b733a363a2261646d696e32223b733a343a226e616d61223b733a31323a22797573757068696461796174223b733a353a22656d61696c223b733a32313a22797573756678797a31313440676d61696c2e636f6d223b733a383a2270617373776f7264223b733a36303a22243279243130246c52687448475438677448514a4d5278734243554865635a36525a2f477564355a4c3575724a6d2e3873764a5666684f7777554632223b733a343a22666f746f223b733a31383a2232303139303632393230343731332e706e67223b733a363a2269645f726566223b733a313a2235223b733a31303a22637265617465645f6174223b733a31393a22303030302d30302d30302030303a30303a3030223b733a31303a22757064617465645f6174223b733a31393a22303030302d30302d30302030303a30303a3030223b733a31303a22736f667464656c657465223b733a313a2230223b733a31303a2267726f75705f6e616d61223b733a31343a224b616275706174656e2f4b6f7461223b733a31343a226b616275706174656e5f6b6f7461223b733a383a2253554b414d415241223b7d),
('hd5kv1q0ccfvrnf6grvks9ltgl4aumul', '::1', 1562220134, 0x5f5f63695f6c6173745f726567656e65726174657c693a313536323232303133343b6163746976655f757365727c4f3a383a22737464436c617373223a31333a7b733a323a226964223b733a313a2236223b733a383a2267726f75705f6964223b733a313a2232223b733a383a22757365726e616d65223b733a353a22746974696b223b733a343a226e616d61223b733a353a22746974696b223b733a353a22656d61696c223b733a32303a22656c6973616669726e6140676d61696c2e636f6d223b733a383a2270617373776f7264223b733a36303a2224327924313024666861574e556c5636457865634a4c7631324b67617549336337555655324e733154524d4b49503571654c494961466d73534c5132223b733a343a22666f746f223b733a31383a2232303139303632353232353632332e706e67223b733a363a2269645f726566223b733a313a2231223b733a31303a22637265617465645f6174223b733a31393a22303030302d30302d30302030303a30303a3030223b733a31303a22757064617465645f6174223b733a31393a22303030302d30302d30302030303a30303a3030223b733a31303a22736f667464656c657465223b733a313a2230223b733a31303a2267726f75705f6e616d61223b4e3b733a31303a22646972656b746f726174223b733a343a22444a5042223b7d),
('hfqg581rfuqug0jn6l8sp72ctv99uab1', '::1', 1562179773, 0x5f5f63695f6c6173745f726567656e65726174657c693a313536323137393737333b6163746976655f757365727c4f3a383a22737464436c617373223a31333a7b733a323a226964223b733a313a2236223b733a383a2267726f75705f6964223b733a313a2232223b733a383a22757365726e616d65223b733a353a22746974696b223b733a343a226e616d61223b733a353a22746974696b223b733a353a22656d61696c223b733a32303a22656c6973616669726e6140676d61696c2e636f6d223b733a383a2270617373776f7264223b733a36303a2224327924313024666861574e556c5636457865634a4c7631324b67617549336337555655324e733154524d4b49503571654c494961466d73534c5132223b733a343a22666f746f223b733a31383a2232303139303632353232353632332e706e67223b733a363a2269645f726566223b733a313a2231223b733a31303a22637265617465645f6174223b733a31393a22303030302d30302d30302030303a30303a3030223b733a31303a22757064617465645f6174223b733a31393a22303030302d30302d30302030303a30303a3030223b733a31303a22736f667464656c657465223b733a313a2230223b733a31303a2267726f75705f6e616d61223b4e3b733a31303a22646972656b746f726174223b733a343a22444a5042223b7d),
('hikc69toqqpniabhblh8j39a0f7tanf4', '::1', 1562223728, 0x5f5f63695f6c6173745f726567656e65726174657c693a313536323232333732383b6163746976655f757365727c4f3a383a22737464436c617373223a31333a7b733a323a226964223b733a313a2236223b733a383a2267726f75705f6964223b733a313a2232223b733a383a22757365726e616d65223b733a353a22746974696b223b733a343a226e616d61223b733a353a22746974696b223b733a353a22656d61696c223b733a32303a22656c6973616669726e6140676d61696c2e636f6d223b733a383a2270617373776f7264223b733a36303a2224327924313024666861574e556c5636457865634a4c7631324b67617549336337555655324e733154524d4b49503571654c494961466d73534c5132223b733a343a22666f746f223b733a31383a2232303139303632353232353632332e706e67223b733a363a2269645f726566223b733a313a2231223b733a31303a22637265617465645f6174223b733a31393a22303030302d30302d30302030303a30303a3030223b733a31303a22757064617465645f6174223b733a31393a22303030302d30302d30302030303a30303a3030223b733a31303a22736f667464656c657465223b733a313a2230223b733a31303a2267726f75705f6e616d61223b4e3b733a31303a22646972656b746f726174223b733a343a22444a5042223b7d),
('hit6riqapkamgtgm5s5c66f7vnguhflq', '::1', 1562252073, 0x5f5f63695f6c6173745f726567656e65726174657c693a313536323235313939363b6163746976655f757365727c4f3a383a22737464436c617373223a31333a7b733a323a226964223b733a313a2233223b733a383a2267726f75705f6964223b733a313a2233223b733a383a22757365726e616d65223b733a363a2261646d696e32223b733a343a226e616d61223b733a31323a22797573757068696461796174223b733a353a22656d61696c223b733a32313a22797573756678797a31313440676d61696c2e636f6d223b733a383a2270617373776f7264223b733a36303a22243279243130246c52687448475438677448514a4d5278734243554865635a36525a2f477564355a4c3575724a6d2e3873764a5666684f7777554632223b733a343a22666f746f223b733a31383a2232303139303632393230343731332e706e67223b733a363a2269645f726566223b733a313a2235223b733a31303a22637265617465645f6174223b733a31393a22303030302d30302d30302030303a30303a3030223b733a31303a22757064617465645f6174223b733a31393a22303030302d30302d30302030303a30303a3030223b733a31303a22736f667464656c657465223b733a313a2230223b733a31303a2267726f75705f6e616d61223b733a31343a224b616275706174656e2f4b6f7461223b733a31343a226b616275706174656e5f6b6f7461223b733a383a2253554b414d415241223b7d),
('hlhefgol7gk8gbt5bdboj0jhrbnu6rjj', '::1', 1561821039, 0x5f5f63695f6c6173745f726567656e65726174657c693a313536313832313033393b6163746976655f757365727c4f3a383a22737464436c617373223a31333a7b733a323a226964223b733a313a2233223b733a383a2267726f75705f6964223b733a313a2233223b733a383a22757365726e616d65223b733a363a2261646d696e32223b733a343a226e616d61223b733a31323a22797573757068696461796174223b733a353a22656d61696c223b733a32313a22797573756678797a31313440676d61696c2e636f6d223b733a383a2270617373776f7264223b733a36303a22243279243130246c52687448475438677448514a4d5278734243554865635a36525a2f477564355a4c3575724a6d2e3873764a5666684f7777554632223b733a343a22666f746f223b733a31383a2232303139303632393230343731332e706e67223b733a363a2269645f726566223b733a313a2235223b733a31303a22637265617465645f6174223b733a31393a22303030302d30302d30302030303a30303a3030223b733a31303a22757064617465645f6174223b733a31393a22303030302d30302d30302030303a30303a3030223b733a31303a22736f667464656c657465223b733a313a2230223b733a31303a2267726f75705f6e616d61223b733a31343a224b616275706174656e2f4b6f7461223b733a31343a226b616275706174656e5f6b6f7461223b733a383a2253554b414d415241223b7d),
('hliadmptvqejg195t43kmlaaiuor2adk', '::1', 1562006010, 0x5f5f63695f6c6173745f726567656e65726174657c693a313536323030363031303b6163746976655f757365727c4f3a383a22737464436c617373223a31323a7b733a323a226964223b733a313a2231223b733a383a2267726f75705f6964223b733a313a2231223b733a383a22757365726e616d65223b733a31333a2261646d696e6973747261746f72223b733a343a226e616d61223b733a31313a2253757065722041646d696e223b733a353a22656d61696c223b733a31373a2261646d696e40676d61696c2e636f6d0d0a223b733a383a2270617373776f7264223b733a36303a222432792431302431316c674a36365735654b55353674655a665447372e6f2e4f3356556d77576652534878782e6f396f443047584a70726173733936223b733a343a22666f746f223b733a31383a2232303139303632373031343632342e706e67223b733a363a2269645f726566223b733a313a2230223b733a31303a22637265617465645f6174223b733a31393a22323031392d30362d32302030323a30333a3033223b733a31303a22757064617465645f6174223b733a31393a22323031392d30362d32302030323a30333a3033223b733a31303a22736f667464656c657465223b733a313a2230223b733a31303a2267726f75705f6e616d61223b733a31313a2253757065722041646d696e223b7d),
('hmeogo2fcn6brgi8lhg41oa0rml5bk2b', '::1', 1562271825, 0x5f5f63695f6c6173745f726567656e65726174657c693a313536323237313832353b6163746976655f757365727c4f3a383a22737464436c617373223a31333a7b733a323a226964223b733a313a2236223b733a383a2267726f75705f6964223b733a313a2232223b733a383a22757365726e616d65223b733a353a22746974696b223b733a343a226e616d61223b733a353a22746974696b223b733a353a22656d61696c223b733a32303a22656c6973616669726e6140676d61696c2e636f6d223b733a383a2270617373776f7264223b733a36303a2224327924313024666861574e556c5636457865634a4c7631324b67617549336337555655324e733154524d4b49503571654c494961466d73534c5132223b733a343a22666f746f223b733a31383a2232303139303730343134333634342e706e67223b733a363a2269645f726566223b733a313a2231223b733a31303a22637265617465645f6174223b733a31393a22303030302d30302d30302030303a30303a3030223b733a31303a22757064617465645f6174223b733a31393a22303030302d30302d30302030303a30303a3030223b733a31303a22736f667464656c657465223b733a313a2230223b733a31303a2267726f75705f6e616d61223b4e3b733a31303a22646972656b746f726174223b733a343a22444a5042223b7d),
('i5smvjofqo6imad98kcidmp2rjan08v3', '::1', 1562154285, 0x5f5f63695f6c6173745f726567656e65726174657c693a313536323135343238353b6163746976655f757365727c4f3a383a22737464436c617373223a31333a7b733a323a226964223b733a313a2233223b733a383a2267726f75705f6964223b733a313a2233223b733a383a22757365726e616d65223b733a363a2261646d696e32223b733a343a226e616d61223b733a31323a22797573757068696461796174223b733a353a22656d61696c223b733a32313a22797573756678797a31313440676d61696c2e636f6d223b733a383a2270617373776f7264223b733a36303a22243279243130246c52687448475438677448514a4d5278734243554865635a36525a2f477564355a4c3575724a6d2e3873764a5666684f7777554632223b733a343a22666f746f223b733a31383a2232303139303632393230343731332e706e67223b733a363a2269645f726566223b733a313a2235223b733a31303a22637265617465645f6174223b733a31393a22303030302d30302d30302030303a30303a3030223b733a31303a22757064617465645f6174223b733a31393a22303030302d30302d30302030303a30303a3030223b733a31303a22736f667464656c657465223b733a313a2230223b733a31303a2267726f75705f6e616d61223b733a31343a224b616275706174656e2f4b6f7461223b733a31343a226b616275706174656e5f6b6f7461223b733a383a2253554b414d415241223b7d),
('i6srs9hrqg7bq6csn5btndif21sesdk3', '::1', 1562270830, 0x5f5f63695f6c6173745f726567656e65726174657c693a313536323237303833303b6163746976655f757365727c4f3a383a22737464436c617373223a31333a7b733a323a226964223b733a313a2233223b733a383a2267726f75705f6964223b733a313a2233223b733a383a22757365726e616d65223b733a363a2261646d696e32223b733a343a226e616d61223b733a31323a22797573757068696461796174223b733a353a22656d61696c223b733a32313a22797573756678797a31313440676d61696c2e636f6d223b733a383a2270617373776f7264223b733a36303a22243279243130246c52687448475438677448514a4d5278734243554865635a36525a2f477564355a4c3575724a6d2e3873764a5666684f7777554632223b733a343a22666f746f223b733a31383a2232303139303632393230343731332e706e67223b733a363a2269645f726566223b733a313a2235223b733a31303a22637265617465645f6174223b733a31393a22303030302d30302d30302030303a30303a3030223b733a31303a22757064617465645f6174223b733a31393a22303030302d30302d30302030303a30303a3030223b733a31303a22736f667464656c657465223b733a313a2230223b733a31303a2267726f75705f6e616d61223b733a31343a224b616275706174656e2f4b6f7461223b733a31343a226b616275706174656e5f6b6f7461223b733a383a2253554b414d415241223b7d),
('i8souee5l0baamdrtpqgspaevbsobkh8', '::1', 1562153381, 0x5f5f63695f6c6173745f726567656e65726174657c693a313536323135333338313b6163746976655f757365727c4f3a383a22737464436c617373223a31333a7b733a323a226964223b733a313a2233223b733a383a2267726f75705f6964223b733a313a2233223b733a383a22757365726e616d65223b733a363a2261646d696e32223b733a343a226e616d61223b733a31323a22797573757068696461796174223b733a353a22656d61696c223b733a32313a22797573756678797a31313440676d61696c2e636f6d223b733a383a2270617373776f7264223b733a36303a22243279243130246c52687448475438677448514a4d5278734243554865635a36525a2f477564355a4c3575724a6d2e3873764a5666684f7777554632223b733a343a22666f746f223b733a31383a2232303139303632393230343731332e706e67223b733a363a2269645f726566223b733a313a2235223b733a31303a22637265617465645f6174223b733a31393a22303030302d30302d30302030303a30303a3030223b733a31303a22757064617465645f6174223b733a31393a22303030302d30302d30302030303a30303a3030223b733a31303a22736f667464656c657465223b733a313a2230223b733a31303a2267726f75705f6e616d61223b733a31343a224b616275706174656e2f4b6f7461223b733a31343a226b616275706174656e5f6b6f7461223b733a383a2253554b414d415241223b7d),
('i9jcqor24r4qd6rdrvuankbo1648hrlp', '::1', 1562251661, 0x5f5f63695f6c6173745f726567656e65726174657c693a313536323235313636313b6163746976655f757365727c4f3a383a22737464436c617373223a31333a7b733a323a226964223b733a313a2236223b733a383a2267726f75705f6964223b733a313a2232223b733a383a22757365726e616d65223b733a353a22746974696b223b733a343a226e616d61223b733a353a22746974696b223b733a353a22656d61696c223b733a32303a22656c6973616669726e6140676d61696c2e636f6d223b733a383a2270617373776f7264223b733a36303a2224327924313024666861574e556c5636457865634a4c7631324b67617549336337555655324e733154524d4b49503571654c494961466d73534c5132223b733a343a22666f746f223b733a31383a2232303139303730343134333634342e706e67223b733a363a2269645f726566223b733a313a2231223b733a31303a22637265617465645f6174223b733a31393a22303030302d30302d30302030303a30303a3030223b733a31303a22757064617465645f6174223b733a31393a22303030302d30302d30302030303a30303a3030223b733a31303a22736f667464656c657465223b733a313a2230223b733a31303a2267726f75705f6e616d61223b4e3b733a31303a22646972656b746f726174223b733a343a22444a5042223b7d),
('ient11h69idch30fp5be4687hk2rcakv', '::1', 1562144908, 0x5f5f63695f6c6173745f726567656e65726174657c693a313536323134343930383b6163746976655f757365727c4f3a383a22737464436c617373223a31333a7b733a323a226964223b733a313a2233223b733a383a2267726f75705f6964223b733a313a2233223b733a383a22757365726e616d65223b733a363a2261646d696e32223b733a343a226e616d61223b733a31323a22797573757068696461796174223b733a353a22656d61696c223b733a32313a22797573756678797a31313440676d61696c2e636f6d223b733a383a2270617373776f7264223b733a36303a22243279243130246c52687448475438677448514a4d5278734243554865635a36525a2f477564355a4c3575724a6d2e3873764a5666684f7777554632223b733a343a22666f746f223b733a31383a2232303139303632393230343731332e706e67223b733a363a2269645f726566223b733a313a2235223b733a31303a22637265617465645f6174223b733a31393a22303030302d30302d30302030303a30303a3030223b733a31303a22757064617465645f6174223b733a31393a22303030302d30302d30302030303a30303a3030223b733a31303a22736f667464656c657465223b733a313a2230223b733a31303a2267726f75705f6e616d61223b733a31343a224b616275706174656e2f4b6f7461223b733a31343a226b616275706174656e5f6b6f7461223b733a383a2253554b414d415241223b7d),
('ihq4ivo3kuhm61u0l336e6ifuk03869n', '::1', 1561817121, 0x5f5f63695f6c6173745f726567656e65726174657c693a313536313831373132313b6163746976655f757365727c4f3a383a22737464436c617373223a31333a7b733a323a226964223b733a313a2233223b733a383a2267726f75705f6964223b733a313a2233223b733a383a22757365726e616d65223b733a363a2261646d696e32223b733a343a226e616d61223b733a31323a22797573757068696461796174223b733a353a22656d61696c223b733a32313a22797573756678797a31313440676d61696c2e636f6d223b733a383a2270617373776f7264223b733a36303a22243279243130246c52687448475438677448514a4d5278734243554865635a36525a2f477564355a4c3575724a6d2e3873764a5666684f7777554632223b733a343a22666f746f223b733a31383a2232303139303632353232353535342e706e67223b733a363a2269645f726566223b733a313a2235223b733a31303a22637265617465645f6174223b733a31393a22303030302d30302d30302030303a30303a3030223b733a31303a22757064617465645f6174223b733a31393a22303030302d30302d30302030303a30303a3030223b733a31303a22736f667464656c657465223b733a313a2230223b733a31303a2267726f75705f6e616d61223b733a31343a224b616275706174656e2f4b6f7461223b733a31343a226b616275706174656e5f6b6f7461223b733a383a2253554b414d415241223b7d),
('ijuefjeljfpruqljr8hqqasj4al0v38r', '::1', 1561835053, 0x5f5f63695f6c6173745f726567656e65726174657c693a313536313833353035333b6163746976655f757365727c4f3a383a22737464436c617373223a31333a7b733a323a226964223b733a313a2233223b733a383a2267726f75705f6964223b733a313a2233223b733a383a22757365726e616d65223b733a363a2261646d696e32223b733a343a226e616d61223b733a31323a22797573757068696461796174223b733a353a22656d61696c223b733a32313a22797573756678797a31313440676d61696c2e636f6d223b733a383a2270617373776f7264223b733a36303a22243279243130246c52687448475438677448514a4d5278734243554865635a36525a2f477564355a4c3575724a6d2e3873764a5666684f7777554632223b733a343a22666f746f223b733a31383a2232303139303632393230343731332e706e67223b733a363a2269645f726566223b733a313a2235223b733a31303a22637265617465645f6174223b733a31393a22303030302d30302d30302030303a30303a3030223b733a31303a22757064617465645f6174223b733a31393a22303030302d30302d30302030303a30303a3030223b733a31303a22736f667464656c657465223b733a313a2230223b733a31303a2267726f75705f6e616d61223b733a31343a224b616275706174656e2f4b6f7461223b733a31343a226b616275706174656e5f6b6f7461223b733a383a2253554b414d415241223b7d),
('ipfjfehiqcari3uturfh804f6871c5c6', '::1', 1562221046, 0x5f5f63695f6c6173745f726567656e65726174657c693a313536323232313034363b6163746976655f757365727c4f3a383a22737464436c617373223a31333a7b733a323a226964223b733a313a2236223b733a383a2267726f75705f6964223b733a313a2232223b733a383a22757365726e616d65223b733a353a22746974696b223b733a343a226e616d61223b733a353a22746974696b223b733a353a22656d61696c223b733a32303a22656c6973616669726e6140676d61696c2e636f6d223b733a383a2270617373776f7264223b733a36303a2224327924313024666861574e556c5636457865634a4c7631324b67617549336337555655324e733154524d4b49503571654c494961466d73534c5132223b733a343a22666f746f223b733a31383a2232303139303632353232353632332e706e67223b733a363a2269645f726566223b733a313a2231223b733a31303a22637265617465645f6174223b733a31393a22303030302d30302d30302030303a30303a3030223b733a31303a22757064617465645f6174223b733a31393a22303030302d30302d30302030303a30303a3030223b733a31303a22736f667464656c657465223b733a313a2230223b733a31303a2267726f75705f6e616d61223b4e3b733a31303a22646972656b746f726174223b733a343a22444a5042223b7d),
('ish866mb1c8vdo1v3qrhuorma8si3i20', '::1', 1562179016, 0x5f5f63695f6c6173745f726567656e65726174657c693a313536323137393031363b6163746976655f757365727c4f3a383a22737464436c617373223a31333a7b733a323a226964223b733a313a2236223b733a383a2267726f75705f6964223b733a313a2232223b733a383a22757365726e616d65223b733a353a22746974696b223b733a343a226e616d61223b733a353a22746974696b223b733a353a22656d61696c223b733a32303a22656c6973616669726e6140676d61696c2e636f6d223b733a383a2270617373776f7264223b733a36303a2224327924313024666861574e556c5636457865634a4c7631324b67617549336337555655324e733154524d4b49503571654c494961466d73534c5132223b733a343a22666f746f223b733a31383a2232303139303632353232353632332e706e67223b733a363a2269645f726566223b733a313a2231223b733a31303a22637265617465645f6174223b733a31393a22303030302d30302d30302030303a30303a3030223b733a31303a22757064617465645f6174223b733a31393a22303030302d30302d30302030303a30303a3030223b733a31303a22736f667464656c657465223b733a313a2230223b733a31303a2267726f75705f6e616d61223b4e3b733a31303a22646972656b746f726174223b733a343a22444a5042223b7d),
('j09dl39fkulsp2ql5u6s38v6d40rb4uc', '::1', 1562244378, 0x5f5f63695f6c6173745f726567656e65726174657c693a313536323234343337383b6163746976655f757365727c4f3a383a22737464436c617373223a31333a7b733a323a226964223b733a313a2236223b733a383a2267726f75705f6964223b733a313a2232223b733a383a22757365726e616d65223b733a353a22746974696b223b733a343a226e616d61223b733a353a22746974696b223b733a353a22656d61696c223b733a32303a22656c6973616669726e6140676d61696c2e636f6d223b733a383a2270617373776f7264223b733a36303a2224327924313024666861574e556c5636457865634a4c7631324b67617549336337555655324e733154524d4b49503571654c494961466d73534c5132223b733a343a22666f746f223b733a31383a2232303139303730343134333634342e706e67223b733a363a2269645f726566223b733a313a2231223b733a31303a22637265617465645f6174223b733a31393a22303030302d30302d30302030303a30303a3030223b733a31303a22757064617465645f6174223b733a31393a22303030302d30302d30302030303a30303a3030223b733a31303a22736f667464656c657465223b733a313a2230223b733a31303a2267726f75705f6e616d61223b4e3b733a31303a22646972656b746f726174223b733a343a22444a5042223b7d),
('j6qvavmloc7c73kojj54kqrtg6u8c64p', '::1', 1562003757, 0x5f5f63695f6c6173745f726567656e65726174657c693a313536323030333735373b6163746976655f757365727c4f3a383a22737464436c617373223a31323a7b733a323a226964223b733a313a2231223b733a383a2267726f75705f6964223b733a313a2231223b733a383a22757365726e616d65223b733a31333a2261646d696e6973747261746f72223b733a343a226e616d61223b733a31313a2253757065722041646d696e223b733a353a22656d61696c223b733a31373a2261646d696e40676d61696c2e636f6d0d0a223b733a383a2270617373776f7264223b733a36303a222432792431302431316c674a36365735654b55353674655a665447372e6f2e4f3356556d77576652534878782e6f396f443047584a70726173733936223b733a343a22666f746f223b733a31383a2232303139303632373031343632342e706e67223b733a363a2269645f726566223b733a313a2230223b733a31303a22637265617465645f6174223b733a31393a22323031392d30362d32302030323a30333a3033223b733a31303a22757064617465645f6174223b733a31393a22323031392d30362d32302030323a30333a3033223b733a31303a22736f667464656c657465223b733a313a2230223b733a31303a2267726f75705f6e616d61223b733a31313a2253757065722041646d696e223b7d),
('jhaoichlvcpec4qnl23nuhcqm6iau4cd', '::1', 1562004800, 0x5f5f63695f6c6173745f726567656e65726174657c693a313536323030343830303b6163746976655f757365727c4f3a383a22737464436c617373223a31323a7b733a323a226964223b733a313a2231223b733a383a2267726f75705f6964223b733a313a2231223b733a383a22757365726e616d65223b733a31333a2261646d696e6973747261746f72223b733a343a226e616d61223b733a31313a2253757065722041646d696e223b733a353a22656d61696c223b733a31373a2261646d696e40676d61696c2e636f6d0d0a223b733a383a2270617373776f7264223b733a36303a222432792431302431316c674a36365735654b55353674655a665447372e6f2e4f3356556d77576652534878782e6f396f443047584a70726173733936223b733a343a22666f746f223b733a31383a2232303139303632373031343632342e706e67223b733a363a2269645f726566223b733a313a2230223b733a31303a22637265617465645f6174223b733a31393a22323031392d30362d32302030323a30333a3033223b733a31303a22757064617465645f6174223b733a31393a22323031392d30362d32302030323a30333a3033223b733a31303a22736f667464656c657465223b733a313a2230223b733a31303a2267726f75705f6e616d61223b733a31313a2253757065722041646d696e223b7d),
('jm5m9tg4rp4fha4qm2eqbg52quhrdjti', '::1', 1562126748, 0x5f5f63695f6c6173745f726567656e65726174657c693a313536323132363539373b6163746976655f757365727c4f3a383a22737464436c617373223a31333a7b733a323a226964223b733a313a2233223b733a383a2267726f75705f6964223b733a313a2233223b733a383a22757365726e616d65223b733a363a2261646d696e32223b733a343a226e616d61223b733a31323a22797573757068696461796174223b733a353a22656d61696c223b733a32313a22797573756678797a31313440676d61696c2e636f6d223b733a383a2270617373776f7264223b733a36303a22243279243130246c52687448475438677448514a4d5278734243554865635a36525a2f477564355a4c3575724a6d2e3873764a5666684f7777554632223b733a343a22666f746f223b733a31383a2232303139303632393230343731332e706e67223b733a363a2269645f726566223b733a313a2235223b733a31303a22637265617465645f6174223b733a31393a22303030302d30302d30302030303a30303a3030223b733a31303a22757064617465645f6174223b733a31393a22303030302d30302d30302030303a30303a3030223b733a31303a22736f667464656c657465223b733a313a2230223b733a31303a2267726f75705f6e616d61223b733a31343a224b616275706174656e2f4b6f7461223b733a31343a226b616275706174656e5f6b6f7461223b733a383a2253554b414d415241223b7d),
('jrrep44k80v2gqmal1i6o8hfrm8sd2q3', '::1', 1561803103, 0x5f5f63695f6c6173745f726567656e65726174657c693a313536313830333130333b6163746976655f757365727c4f3a383a22737464436c617373223a31323a7b733a323a226964223b733a313a2231223b733a383a2267726f75705f6964223b733a313a2231223b733a383a22757365726e616d65223b733a31333a2261646d696e6973747261746f72223b733a343a226e616d61223b733a31313a2253757065722041646d696e223b733a353a22656d61696c223b733a31373a2261646d696e40676d61696c2e636f6d0d0a223b733a383a2270617373776f7264223b733a36303a222432792431302431316c674a36365735654b55353674655a665447372e6f2e4f3356556d77576652534878782e6f396f443047584a70726173733936223b733a343a22666f746f223b733a31383a2232303139303632373031343632342e706e67223b733a363a2269645f726566223b733a313a2230223b733a31303a22637265617465645f6174223b733a31393a22323031392d30362d32302030323a30333a3033223b733a31303a22757064617465645f6174223b733a31393a22323031392d30362d32302030323a30333a3033223b733a31303a22736f667464656c657465223b733a313a2230223b733a31303a2267726f75705f6e616d61223b733a31313a2253757065722041646d696e223b7d),
('ju02m4gghso85kvp6kcmq3uun1vvo3fn', '::1', 1561821717, 0x5f5f63695f6c6173745f726567656e65726174657c693a313536313832313731373b6163746976655f757365727c4f3a383a22737464436c617373223a31333a7b733a323a226964223b733a313a2233223b733a383a2267726f75705f6964223b733a313a2233223b733a383a22757365726e616d65223b733a363a2261646d696e32223b733a343a226e616d61223b733a31323a22797573757068696461796174223b733a353a22656d61696c223b733a32313a22797573756678797a31313440676d61696c2e636f6d223b733a383a2270617373776f7264223b733a36303a22243279243130246c52687448475438677448514a4d5278734243554865635a36525a2f477564355a4c3575724a6d2e3873764a5666684f7777554632223b733a343a22666f746f223b733a31383a2232303139303632393230343731332e706e67223b733a363a2269645f726566223b733a313a2235223b733a31303a22637265617465645f6174223b733a31393a22303030302d30302d30302030303a30303a3030223b733a31303a22757064617465645f6174223b733a31393a22303030302d30302d30302030303a30303a3030223b733a31303a22736f667464656c657465223b733a313a2230223b733a31303a2267726f75705f6e616d61223b733a31343a224b616275706174656e2f4b6f7461223b733a31343a226b616275706174656e5f6b6f7461223b733a383a2253554b414d415241223b7d),
('kedglrfppvgqbivdvkulpfmsks7i9nv6', '::1', 1562008386, 0x5f5f63695f6c6173745f726567656e65726174657c693a313536323030383338363b6163746976655f757365727c4f3a383a22737464436c617373223a31323a7b733a323a226964223b733a313a2231223b733a383a2267726f75705f6964223b733a313a2231223b733a383a22757365726e616d65223b733a31333a2261646d696e6973747261746f72223b733a343a226e616d61223b733a31313a2253757065722041646d696e223b733a353a22656d61696c223b733a31373a2261646d696e40676d61696c2e636f6d0d0a223b733a383a2270617373776f7264223b733a36303a222432792431302431316c674a36365735654b55353674655a665447372e6f2e4f3356556d77576652534878782e6f396f443047584a70726173733936223b733a343a22666f746f223b733a31383a2232303139303632373031343632342e706e67223b733a363a2269645f726566223b733a313a2230223b733a31303a22637265617465645f6174223b733a31393a22323031392d30362d32302030323a30333a3033223b733a31303a22757064617465645f6174223b733a31393a22323031392d30362d32302030323a30333a3033223b733a31303a22736f667464656c657465223b733a313a2230223b733a31303a2267726f75705f6e616d61223b733a31313a2253757065722041646d696e223b7d),
('knmslrcrvtdod5r2e65pbr2n2tb1lus4', '::1', 1562248001, 0x5f5f63695f6c6173745f726567656e65726174657c693a313536323234383030313b6163746976655f757365727c4f3a383a22737464436c617373223a31333a7b733a323a226964223b733a313a2236223b733a383a2267726f75705f6964223b733a313a2232223b733a383a22757365726e616d65223b733a353a22746974696b223b733a343a226e616d61223b733a353a22746974696b223b733a353a22656d61696c223b733a32303a22656c6973616669726e6140676d61696c2e636f6d223b733a383a2270617373776f7264223b733a36303a2224327924313024666861574e556c5636457865634a4c7631324b67617549336337555655324e733154524d4b49503571654c494961466d73534c5132223b733a343a22666f746f223b733a31383a2232303139303730343134333634342e706e67223b733a363a2269645f726566223b733a313a2231223b733a31303a22637265617465645f6174223b733a31393a22303030302d30302d30302030303a30303a3030223b733a31303a22757064617465645f6174223b733a31393a22303030302d30302d30302030303a30303a3030223b733a31303a22736f667464656c657465223b733a313a2230223b733a31303a2267726f75705f6e616d61223b4e3b733a31303a22646972656b746f726174223b733a343a22444a5042223b7d),
('kouq9uouv60pmc4c2jkj522c6dngdi44', '::1', 1561802108, 0x5f5f63695f6c6173745f726567656e65726174657c693a313536313830323130383b6163746976655f757365727c4f3a383a22737464436c617373223a31323a7b733a323a226964223b733a313a2231223b733a383a2267726f75705f6964223b733a313a2231223b733a383a22757365726e616d65223b733a31333a2261646d696e6973747261746f72223b733a343a226e616d61223b733a31313a2253757065722041646d696e223b733a353a22656d61696c223b733a31373a2261646d696e40676d61696c2e636f6d0d0a223b733a383a2270617373776f7264223b733a36303a222432792431302431316c674a36365735654b55353674655a665447372e6f2e4f3356556d77576652534878782e6f396f443047584a70726173733936223b733a343a22666f746f223b733a31383a2232303139303632373031343632342e706e67223b733a363a2269645f726566223b733a313a2230223b733a31303a22637265617465645f6174223b733a31393a22323031392d30362d32302030323a30333a3033223b733a31303a22757064617465645f6174223b733a31393a22323031392d30362d32302030323a30333a3033223b733a31303a22736f667464656c657465223b733a313a2230223b733a31303a2267726f75705f6e616d61223b733a31313a2253757065722041646d696e223b7d),
('l5mm91s0h3o0pf3udeu9nfpe5p27dvd5', '::1', 1562226530, 0x5f5f63695f6c6173745f726567656e65726174657c693a313536323232363533303b6163746976655f757365727c4f3a383a22737464436c617373223a31333a7b733a323a226964223b733a313a2236223b733a383a2267726f75705f6964223b733a313a2232223b733a383a22757365726e616d65223b733a353a22746974696b223b733a343a226e616d61223b733a353a22746974696b223b733a353a22656d61696c223b733a32303a22656c6973616669726e6140676d61696c2e636f6d223b733a383a2270617373776f7264223b733a36303a2224327924313024666861574e556c5636457865634a4c7631324b67617549336337555655324e733154524d4b49503571654c494961466d73534c5132223b733a343a22666f746f223b733a31383a2232303139303632353232353632332e706e67223b733a363a2269645f726566223b733a313a2231223b733a31303a22637265617465645f6174223b733a31393a22303030302d30302d30302030303a30303a3030223b733a31303a22757064617465645f6174223b733a31393a22303030302d30302d30302030303a30303a3030223b733a31303a22736f667464656c657465223b733a313a2230223b733a31303a2267726f75705f6e616d61223b4e3b733a31303a22646972656b746f726174223b733a343a22444a5042223b7d),
('l646varoc0dihnk7amq71hni3do54n0i', '::1', 1562248378, 0x5f5f63695f6c6173745f726567656e65726174657c693a313536323234383337383b6163746976655f757365727c4f3a383a22737464436c617373223a31333a7b733a323a226964223b733a313a2236223b733a383a2267726f75705f6964223b733a313a2232223b733a383a22757365726e616d65223b733a353a22746974696b223b733a343a226e616d61223b733a353a22746974696b223b733a353a22656d61696c223b733a32303a22656c6973616669726e6140676d61696c2e636f6d223b733a383a2270617373776f7264223b733a36303a2224327924313024666861574e556c5636457865634a4c7631324b67617549336337555655324e733154524d4b49503571654c494961466d73534c5132223b733a343a22666f746f223b733a31383a2232303139303730343134333634342e706e67223b733a363a2269645f726566223b733a313a2231223b733a31303a22637265617465645f6174223b733a31393a22303030302d30302d30302030303a30303a3030223b733a31303a22757064617465645f6174223b733a31393a22303030302d30302d30302030303a30303a3030223b733a31303a22736f667464656c657465223b733a313a2230223b733a31303a2267726f75705f6e616d61223b4e3b733a31303a22646972656b746f726174223b733a343a22444a5042223b7d),
('la2q13rgjn532nj71ge2ngacbu6hft4k', '::1', 1561999396, 0x5f5f63695f6c6173745f726567656e65726174657c693a313536313939393339363b6163746976655f757365727c4f3a383a22737464436c617373223a31323a7b733a323a226964223b733a313a2231223b733a383a2267726f75705f6964223b733a313a2231223b733a383a22757365726e616d65223b733a31333a2261646d696e6973747261746f72223b733a343a226e616d61223b733a31313a2253757065722041646d696e223b733a353a22656d61696c223b733a31373a2261646d696e40676d61696c2e636f6d0d0a223b733a383a2270617373776f7264223b733a36303a222432792431302431316c674a36365735654b55353674655a665447372e6f2e4f3356556d77576652534878782e6f396f443047584a70726173733936223b733a343a22666f746f223b733a31383a2232303139303632373031343632342e706e67223b733a363a2269645f726566223b733a313a2230223b733a31303a22637265617465645f6174223b733a31393a22323031392d30362d32302030323a30333a3033223b733a31303a22757064617465645f6174223b733a31393a22323031392d30362d32302030323a30333a3033223b733a31303a22736f667464656c657465223b733a313a2230223b733a31303a2267726f75705f6e616d61223b733a31313a2253757065722041646d696e223b7d),
('legccdd6sg59v4fupqhu9mgbv4omv2vo', '::1', 1561803805, 0x5f5f63695f6c6173745f726567656e65726174657c693a313536313830333830353b6163746976655f757365727c4f3a383a22737464436c617373223a31323a7b733a323a226964223b733a313a2231223b733a383a2267726f75705f6964223b733a313a2231223b733a383a22757365726e616d65223b733a31333a2261646d696e6973747261746f72223b733a343a226e616d61223b733a31313a2253757065722041646d696e223b733a353a22656d61696c223b733a31373a2261646d696e40676d61696c2e636f6d0d0a223b733a383a2270617373776f7264223b733a36303a222432792431302431316c674a36365735654b55353674655a665447372e6f2e4f3356556d77576652534878782e6f396f443047584a70726173733936223b733a343a22666f746f223b733a31383a2232303139303632373031343632342e706e67223b733a363a2269645f726566223b733a313a2230223b733a31303a22637265617465645f6174223b733a31393a22323031392d30362d32302030323a30333a3033223b733a31303a22757064617465645f6174223b733a31393a22323031392d30362d32302030323a30333a3033223b733a31303a22736f667464656c657465223b733a313a2230223b733a31303a2267726f75705f6e616d61223b733a31313a2253757065722041646d696e223b7d),
('m2dal331b5r1kkthlfjpe8rpetlgg3t2', '::1', 1562012569, 0x5f5f63695f6c6173745f726567656e65726174657c693a313536323031323536393b6163746976655f757365727c4f3a383a22737464436c617373223a31323a7b733a323a226964223b733a313a2231223b733a383a2267726f75705f6964223b733a313a2231223b733a383a22757365726e616d65223b733a31333a2261646d696e6973747261746f72223b733a343a226e616d61223b733a31313a2253757065722041646d696e223b733a353a22656d61696c223b733a31373a2261646d696e40676d61696c2e636f6d0d0a223b733a383a2270617373776f7264223b733a36303a222432792431302431316c674a36365735654b55353674655a665447372e6f2e4f3356556d77576652534878782e6f396f443047584a70726173733936223b733a343a22666f746f223b733a31383a2232303139303632373031343632342e706e67223b733a363a2269645f726566223b733a313a2230223b733a31303a22637265617465645f6174223b733a31393a22323031392d30362d32302030323a30333a3033223b733a31303a22757064617465645f6174223b733a31393a22323031392d30362d32302030323a30333a3033223b733a31303a22736f667464656c657465223b733a313a2230223b733a31303a2267726f75705f6e616d61223b733a31313a2253757065722041646d696e223b7d),
('m6ibhctrvr7mje7ikbq4utib9hho7fkg', '::1', 1561836249, 0x5f5f63695f6c6173745f726567656e65726174657c693a313536313833363234393b6163746976655f757365727c4f3a383a22737464436c617373223a31323a7b733a323a226964223b733a313a2231223b733a383a2267726f75705f6964223b733a313a2231223b733a383a22757365726e616d65223b733a31333a2261646d696e6973747261746f72223b733a343a226e616d61223b733a31313a2253757065722041646d696e223b733a353a22656d61696c223b733a31373a2261646d696e40676d61696c2e636f6d0d0a223b733a383a2270617373776f7264223b733a36303a222432792431302431316c674a36365735654b55353674655a665447372e6f2e4f3356556d77576652534878782e6f396f443047584a70726173733936223b733a343a22666f746f223b733a31383a2232303139303632373031343632342e706e67223b733a363a2269645f726566223b733a313a2230223b733a31303a22637265617465645f6174223b733a31393a22323031392d30362d32302030323a30333a3033223b733a31303a22757064617465645f6174223b733a31393a22323031392d30362d32302030323a30333a3033223b733a31303a22736f667464656c657465223b733a313a2230223b733a31303a2267726f75705f6e616d61223b733a31313a2253757065722041646d696e223b7d),
('m8p46ot9gefrivmt78i3m6hmi0i3brup', '::1', 1561815531, 0x5f5f63695f6c6173745f726567656e65726174657c693a313536313831353533313b6163746976655f757365727c4f3a383a22737464436c617373223a31333a7b733a323a226964223b733a313a2233223b733a383a2267726f75705f6964223b733a313a2233223b733a383a22757365726e616d65223b733a363a2261646d696e32223b733a343a226e616d61223b733a31323a22797573757068696461796174223b733a353a22656d61696c223b733a32313a22797573756678797a31313440676d61696c2e636f6d223b733a383a2270617373776f7264223b733a36303a22243279243130246c52687448475438677448514a4d5278734243554865635a36525a2f477564355a4c3575724a6d2e3873764a5666684f7777554632223b733a343a22666f746f223b733a31383a2232303139303632353232353535342e706e67223b733a363a2269645f726566223b733a313a2235223b733a31303a22637265617465645f6174223b733a31393a22303030302d30302d30302030303a30303a3030223b733a31303a22757064617465645f6174223b733a31393a22303030302d30302d30302030303a30303a3030223b733a31303a22736f667464656c657465223b733a313a2230223b733a31303a2267726f75705f6e616d61223b733a31343a224b616275706174656e2f4b6f7461223b733a31343a226b616275706174656e5f6b6f7461223b733a383a2253554b414d415241223b7d),
('migf91lvc0atlooahedvtg0i7ml6a99d', '::1', 1562250882, 0x5f5f63695f6c6173745f726567656e65726174657c693a313536323235303838323b6163746976655f757365727c4f3a383a22737464436c617373223a31333a7b733a323a226964223b733a313a2236223b733a383a2267726f75705f6964223b733a313a2232223b733a383a22757365726e616d65223b733a353a22746974696b223b733a343a226e616d61223b733a353a22746974696b223b733a353a22656d61696c223b733a32303a22656c6973616669726e6140676d61696c2e636f6d223b733a383a2270617373776f7264223b733a36303a2224327924313024666861574e556c5636457865634a4c7631324b67617549336337555655324e733154524d4b49503571654c494961466d73534c5132223b733a343a22666f746f223b733a31383a2232303139303730343134333634342e706e67223b733a363a2269645f726566223b733a313a2231223b733a31303a22637265617465645f6174223b733a31393a22303030302d30302d30302030303a30303a3030223b733a31303a22757064617465645f6174223b733a31393a22303030302d30302d30302030303a30303a3030223b733a31303a22736f667464656c657465223b733a313a2230223b733a31303a2267726f75705f6e616d61223b4e3b733a31303a22646972656b746f726174223b733a343a22444a5042223b7d),
('mihm2um6fr5fn1kef7bl5ep3jkvjsvva', '::1', 1561837032, 0x5f5f63695f6c6173745f726567656e65726174657c693a313536313833373033323b6163746976655f757365727c4f3a383a22737464436c617373223a31323a7b733a323a226964223b733a313a2231223b733a383a2267726f75705f6964223b733a313a2231223b733a383a22757365726e616d65223b733a31333a2261646d696e6973747261746f72223b733a343a226e616d61223b733a31313a2253757065722041646d696e223b733a353a22656d61696c223b733a31373a2261646d696e40676d61696c2e636f6d0d0a223b733a383a2270617373776f7264223b733a36303a222432792431302431316c674a36365735654b55353674655a665447372e6f2e4f3356556d77576652534878782e6f396f443047584a70726173733936223b733a343a22666f746f223b733a31383a2232303139303632373031343632342e706e67223b733a363a2269645f726566223b733a313a2230223b733a31303a22637265617465645f6174223b733a31393a22323031392d30362d32302030323a30333a3033223b733a31303a22757064617465645f6174223b733a31393a22323031392d30362d32302030323a30333a3033223b733a31303a22736f667464656c657465223b733a313a2230223b733a31303a2267726f75705f6e616d61223b733a31313a2253757065722041646d696e223b7d),
('modhsai6bi3pjmov696c61mgi4pq2pje', '::1', 1562179449, 0x5f5f63695f6c6173745f726567656e65726174657c693a313536323137393434393b6163746976655f757365727c4f3a383a22737464436c617373223a31333a7b733a323a226964223b733a313a2236223b733a383a2267726f75705f6964223b733a313a2232223b733a383a22757365726e616d65223b733a353a22746974696b223b733a343a226e616d61223b733a353a22746974696b223b733a353a22656d61696c223b733a32303a22656c6973616669726e6140676d61696c2e636f6d223b733a383a2270617373776f7264223b733a36303a2224327924313024666861574e556c5636457865634a4c7631324b67617549336337555655324e733154524d4b49503571654c494961466d73534c5132223b733a343a22666f746f223b733a31383a2232303139303632353232353632332e706e67223b733a363a2269645f726566223b733a313a2231223b733a31303a22637265617465645f6174223b733a31393a22303030302d30302d30302030303a30303a3030223b733a31303a22757064617465645f6174223b733a31393a22303030302d30302d30302030303a30303a3030223b733a31303a22736f667464656c657465223b733a313a2230223b733a31303a2267726f75705f6e616d61223b4e3b733a31303a22646972656b746f726174223b733a343a22444a5042223b7d),
('mq0rjo9dvv494olaune6pspuac5eedfq', '::1', 1562144318, 0x5f5f63695f6c6173745f726567656e65726174657c693a313536323134343331383b6163746976655f757365727c4f3a383a22737464436c617373223a31333a7b733a323a226964223b733a313a2233223b733a383a2267726f75705f6964223b733a313a2233223b733a383a22757365726e616d65223b733a363a2261646d696e32223b733a343a226e616d61223b733a31323a22797573757068696461796174223b733a353a22656d61696c223b733a32313a22797573756678797a31313440676d61696c2e636f6d223b733a383a2270617373776f7264223b733a36303a22243279243130246c52687448475438677448514a4d5278734243554865635a36525a2f477564355a4c3575724a6d2e3873764a5666684f7777554632223b733a343a22666f746f223b733a31383a2232303139303632393230343731332e706e67223b733a363a2269645f726566223b733a313a2235223b733a31303a22637265617465645f6174223b733a31393a22303030302d30302d30302030303a30303a3030223b733a31303a22757064617465645f6174223b733a31393a22303030302d30302d30302030303a30303a3030223b733a31303a22736f667464656c657465223b733a313a2230223b733a31303a2267726f75705f6e616d61223b733a31343a224b616275706174656e2f4b6f7461223b733a31343a226b616275706174656e5f6b6f7461223b733a383a2253554b414d415241223b7d),
('mqpiq6k2kcjvmt845m35g7o7melsr8v6', '::1', 1562141083, 0x5f5f63695f6c6173745f726567656e65726174657c693a313536323134313038333b6163746976655f757365727c4f3a383a22737464436c617373223a31333a7b733a323a226964223b733a313a2233223b733a383a2267726f75705f6964223b733a313a2233223b733a383a22757365726e616d65223b733a363a2261646d696e32223b733a343a226e616d61223b733a31323a22797573757068696461796174223b733a353a22656d61696c223b733a32313a22797573756678797a31313440676d61696c2e636f6d223b733a383a2270617373776f7264223b733a36303a22243279243130246c52687448475438677448514a4d5278734243554865635a36525a2f477564355a4c3575724a6d2e3873764a5666684f7777554632223b733a343a22666f746f223b733a31383a2232303139303632393230343731332e706e67223b733a363a2269645f726566223b733a313a2235223b733a31303a22637265617465645f6174223b733a31393a22303030302d30302d30302030303a30303a3030223b733a31303a22757064617465645f6174223b733a31393a22303030302d30302d30302030303a30303a3030223b733a31303a22736f667464656c657465223b733a313a2230223b733a31303a2267726f75705f6e616d61223b733a31343a224b616275706174656e2f4b6f7461223b733a31343a226b616275706174656e5f6b6f7461223b733a383a2253554b414d415241223b7d),
('mrgbtv6d6qp9oo8p5nf9lmj4tjimocqm', '::1', 1562143252, 0x5f5f63695f6c6173745f726567656e65726174657c693a313536323134333235323b6163746976655f757365727c4f3a383a22737464436c617373223a31323a7b733a323a226964223b733a313a2231223b733a383a2267726f75705f6964223b733a313a2231223b733a383a22757365726e616d65223b733a31333a2261646d696e6973747261746f72223b733a343a226e616d61223b733a31313a2253757065722041646d696e223b733a353a22656d61696c223b733a31373a2261646d696e40676d61696c2e636f6d0d0a223b733a383a2270617373776f7264223b733a36303a222432792431302431316c674a36365735654b55353674655a665447372e6f2e4f3356556d77576652534878782e6f396f443047584a70726173733936223b733a343a22666f746f223b733a31383a2232303139303632373031343632342e706e67223b733a363a2269645f726566223b733a313a2230223b733a31303a22637265617465645f6174223b733a31393a22323031392d30362d32302030323a30333a3033223b733a31303a22757064617465645f6174223b733a31393a22323031392d30362d32302030323a30333a3033223b733a31303a22736f667464656c657465223b733a313a2230223b733a31303a2267726f75705f6e616d61223b733a31313a2253757065722041646d696e223b7d),
('mtmm8f5afhqe05luji6s3iag36ov3087', '::1', 1561804297, 0x5f5f63695f6c6173745f726567656e65726174657c693a313536313830343239373b6163746976655f757365727c4f3a383a22737464436c617373223a31323a7b733a323a226964223b733a313a2231223b733a383a2267726f75705f6964223b733a313a2231223b733a383a22757365726e616d65223b733a31333a2261646d696e6973747261746f72223b733a343a226e616d61223b733a31313a2253757065722041646d696e223b733a353a22656d61696c223b733a31373a2261646d696e40676d61696c2e636f6d0d0a223b733a383a2270617373776f7264223b733a36303a222432792431302431316c674a36365735654b55353674655a665447372e6f2e4f3356556d77576652534878782e6f396f443047584a70726173733936223b733a343a22666f746f223b733a31383a2232303139303632373031343632342e706e67223b733a363a2269645f726566223b733a313a2230223b733a31303a22637265617465645f6174223b733a31393a22323031392d30362d32302030323a30333a3033223b733a31303a22757064617465645f6174223b733a31393a22323031392d30362d32302030323a30333a3033223b733a31303a22736f667464656c657465223b733a313a2230223b733a31303a2267726f75705f6e616d61223b733a31313a2253757065722041646d696e223b7d),
('n3pqhq0nt02knt07bkjlf9ttfn2lu2u0', '::1', 1561904669, 0x5f5f63695f6c6173745f726567656e65726174657c693a313536313930343636393b6163746976655f757365727c4f3a383a22737464436c617373223a31323a7b733a323a226964223b733a313a2231223b733a383a2267726f75705f6964223b733a313a2231223b733a383a22757365726e616d65223b733a31333a2261646d696e6973747261746f72223b733a343a226e616d61223b733a31313a2253757065722041646d696e223b733a353a22656d61696c223b733a31373a2261646d696e40676d61696c2e636f6d0d0a223b733a383a2270617373776f7264223b733a36303a222432792431302431316c674a36365735654b55353674655a665447372e6f2e4f3356556d77576652534878782e6f396f443047584a70726173733936223b733a343a22666f746f223b733a31383a2232303139303632373031343632342e706e67223b733a363a2269645f726566223b733a313a2230223b733a31303a22637265617465645f6174223b733a31393a22323031392d30362d32302030323a30333a3033223b733a31303a22757064617465645f6174223b733a31393a22323031392d30362d32302030323a30333a3033223b733a31303a22736f667464656c657465223b733a313a2230223b733a31303a2267726f75705f6e616d61223b733a31313a2253757065722041646d696e223b7d),
('n5islq8850sqni2qb0stbq1h8mod1uq0', '::1', 1561802697, 0x5f5f63695f6c6173745f726567656e65726174657c693a313536313830323639373b6163746976655f757365727c4f3a383a22737464436c617373223a31323a7b733a323a226964223b733a313a2231223b733a383a2267726f75705f6964223b733a313a2231223b733a383a22757365726e616d65223b733a31333a2261646d696e6973747261746f72223b733a343a226e616d61223b733a31313a2253757065722041646d696e223b733a353a22656d61696c223b733a31373a2261646d696e40676d61696c2e636f6d0d0a223b733a383a2270617373776f7264223b733a36303a222432792431302431316c674a36365735654b55353674655a665447372e6f2e4f3356556d77576652534878782e6f396f443047584a70726173733936223b733a343a22666f746f223b733a31383a2232303139303632373031343632342e706e67223b733a363a2269645f726566223b733a313a2230223b733a31303a22637265617465645f6174223b733a31393a22323031392d30362d32302030323a30333a3033223b733a31303a22757064617465645f6174223b733a31393a22323031392d30362d32302030323a30333a3033223b733a31303a22736f667464656c657465223b733a313a2230223b733a31303a2267726f75705f6e616d61223b733a31313a2253757065722041646d696e223b7d),
('n8q0atkn1orle10uqjsv003ebit550bq', '::1', 1562161134, 0x5f5f63695f6c6173745f726567656e65726174657c693a313536323136313133343b6163746976655f757365727c4f3a383a22737464436c617373223a31333a7b733a323a226964223b733a313a2233223b733a383a2267726f75705f6964223b733a313a2233223b733a383a22757365726e616d65223b733a363a2261646d696e32223b733a343a226e616d61223b733a31323a22797573757068696461796174223b733a353a22656d61696c223b733a32313a22797573756678797a31313440676d61696c2e636f6d223b733a383a2270617373776f7264223b733a36303a22243279243130246c52687448475438677448514a4d5278734243554865635a36525a2f477564355a4c3575724a6d2e3873764a5666684f7777554632223b733a343a22666f746f223b733a31383a2232303139303632393230343731332e706e67223b733a363a2269645f726566223b733a313a2235223b733a31303a22637265617465645f6174223b733a31393a22303030302d30302d30302030303a30303a3030223b733a31303a22757064617465645f6174223b733a31393a22303030302d30302d30302030303a30303a3030223b733a31303a22736f667464656c657465223b733a313a2230223b733a31303a2267726f75705f6e616d61223b733a31343a224b616275706174656e2f4b6f7461223b733a31343a226b616275706174656e5f6b6f7461223b733a383a2253554b414d415241223b7d),
('neefhv65cplivjb7u30qgucs9andococ', '::1', 1562143682, 0x5f5f63695f6c6173745f726567656e65726174657c693a313536323134333638323b6163746976655f757365727c4f3a383a22737464436c617373223a31323a7b733a323a226964223b733a313a2231223b733a383a2267726f75705f6964223b733a313a2231223b733a383a22757365726e616d65223b733a31333a2261646d696e6973747261746f72223b733a343a226e616d61223b733a31313a2253757065722041646d696e223b733a353a22656d61696c223b733a31373a2261646d696e40676d61696c2e636f6d0d0a223b733a383a2270617373776f7264223b733a36303a222432792431302431316c674a36365735654b55353674655a665447372e6f2e4f3356556d77576652534878782e6f396f443047584a70726173733936223b733a343a22666f746f223b733a31383a2232303139303632373031343632342e706e67223b733a363a2269645f726566223b733a313a2230223b733a31303a22637265617465645f6174223b733a31393a22323031392d30362d32302030323a30333a3033223b733a31303a22757064617465645f6174223b733a31393a22323031392d30362d32302030323a30333a3033223b733a31303a22736f667464656c657465223b733a313a2230223b733a31303a2267726f75705f6e616d61223b733a31313a2253757065722041646d696e223b7d),
('neqt9dmmcju52abkq98gkcfvq56vchgc', '::1', 1562007532, 0x5f5f63695f6c6173745f726567656e65726174657c693a313536323030373533323b6163746976655f757365727c4f3a383a22737464436c617373223a31323a7b733a323a226964223b733a313a2231223b733a383a2267726f75705f6964223b733a313a2231223b733a383a22757365726e616d65223b733a31333a2261646d696e6973747261746f72223b733a343a226e616d61223b733a31313a2253757065722041646d696e223b733a353a22656d61696c223b733a31373a2261646d696e40676d61696c2e636f6d0d0a223b733a383a2270617373776f7264223b733a36303a222432792431302431316c674a36365735654b55353674655a665447372e6f2e4f3356556d77576652534878782e6f396f443047584a70726173733936223b733a343a22666f746f223b733a31383a2232303139303632373031343632342e706e67223b733a363a2269645f726566223b733a313a2230223b733a31303a22637265617465645f6174223b733a31393a22323031392d30362d32302030323a30333a3033223b733a31303a22757064617465645f6174223b733a31393a22323031392d30362d32302030323a30333a3033223b733a31303a22736f667464656c657465223b733a313a2230223b733a31303a2267726f75705f6e616d61223b733a31313a2253757065722041646d696e223b7d);
INSERT INTO `ci_sessions` (`id`, `ip_address`, `timestamp`, `data`) VALUES
('nibqtnc7l028bt3mc26k4gbqrr5mdcpe', '::1', 1562245611, 0x5f5f63695f6c6173745f726567656e65726174657c693a313536323234353631313b6163746976655f757365727c4f3a383a22737464436c617373223a31333a7b733a323a226964223b733a313a2236223b733a383a2267726f75705f6964223b733a313a2232223b733a383a22757365726e616d65223b733a353a22746974696b223b733a343a226e616d61223b733a353a22746974696b223b733a353a22656d61696c223b733a32303a22656c6973616669726e6140676d61696c2e636f6d223b733a383a2270617373776f7264223b733a36303a2224327924313024666861574e556c5636457865634a4c7631324b67617549336337555655324e733154524d4b49503571654c494961466d73534c5132223b733a343a22666f746f223b733a31383a2232303139303730343134333634342e706e67223b733a363a2269645f726566223b733a313a2231223b733a31303a22637265617465645f6174223b733a31393a22303030302d30302d30302030303a30303a3030223b733a31303a22757064617465645f6174223b733a31393a22303030302d30302d30302030303a30303a3030223b733a31303a22736f667464656c657465223b733a313a2230223b733a31303a2267726f75705f6e616d61223b4e3b733a31303a22646972656b746f726174223b733a343a22444a5042223b7d),
('nojdhk9sujh5evm1uom9cpi6nk01a1u5', '::1', 1561837598, 0x5f5f63695f6c6173745f726567656e65726174657c693a313536313833373539363b6163746976655f757365727c4f3a383a22737464436c617373223a31323a7b733a323a226964223b733a313a2231223b733a383a2267726f75705f6964223b733a313a2231223b733a383a22757365726e616d65223b733a31333a2261646d696e6973747261746f72223b733a343a226e616d61223b733a31313a2253757065722041646d696e223b733a353a22656d61696c223b733a31373a2261646d696e40676d61696c2e636f6d0d0a223b733a383a2270617373776f7264223b733a36303a222432792431302431316c674a36365735654b55353674655a665447372e6f2e4f3356556d77576652534878782e6f396f443047584a70726173733936223b733a343a22666f746f223b733a31383a2232303139303632373031343632342e706e67223b733a363a2269645f726566223b733a313a2230223b733a31303a22637265617465645f6174223b733a31393a22323031392d30362d32302030323a30333a3033223b733a31303a22757064617465645f6174223b733a31393a22323031392d30362d32302030323a30333a3033223b733a31303a22736f667464656c657465223b733a313a2230223b733a31303a2267726f75705f6e616d61223b733a31313a2253757065722041646d696e223b7d),
('npla75hjqvgtatble291rhdr9h8rqq83', '::1', 1561893117, 0x5f5f63695f6c6173745f726567656e65726174657c693a313536313839333131373b6163746976655f757365727c4f3a383a22737464436c617373223a31323a7b733a323a226964223b733a313a2231223b733a383a2267726f75705f6964223b733a313a2231223b733a383a22757365726e616d65223b733a31333a2261646d696e6973747261746f72223b733a343a226e616d61223b733a31313a2253757065722041646d696e223b733a353a22656d61696c223b733a31373a2261646d696e40676d61696c2e636f6d0d0a223b733a383a2270617373776f7264223b733a36303a222432792431302431316c674a36365735654b55353674655a665447372e6f2e4f3356556d77576652534878782e6f396f443047584a70726173733936223b733a343a22666f746f223b733a31383a2232303139303632373031343632342e706e67223b733a363a2269645f726566223b733a313a2230223b733a31303a22637265617465645f6174223b733a31393a22323031392d30362d32302030323a30333a3033223b733a31303a22757064617465645f6174223b733a31393a22323031392d30362d32302030323a30333a3033223b733a31303a22736f667464656c657465223b733a313a2230223b733a31303a2267726f75705f6e616d61223b733a31313a2253757065722041646d696e223b7d),
('nu6noem2tr3bp7t8kesfcj3t38s5eah4', '::1', 1561979036, 0x5f5f63695f6c6173745f726567656e65726174657c693a313536313937383932313b6163746976655f757365727c4f3a383a22737464436c617373223a31323a7b733a323a226964223b733a313a2231223b733a383a2267726f75705f6964223b733a313a2231223b733a383a22757365726e616d65223b733a31333a2261646d696e6973747261746f72223b733a343a226e616d61223b733a31313a2253757065722041646d696e223b733a353a22656d61696c223b733a31373a2261646d696e40676d61696c2e636f6d0d0a223b733a383a2270617373776f7264223b733a36303a222432792431302431316c674a36365735654b55353674655a665447372e6f2e4f3356556d77576652534878782e6f396f443047584a70726173733936223b733a343a22666f746f223b733a31383a2232303139303632373031343632342e706e67223b733a363a2269645f726566223b733a313a2230223b733a31303a22637265617465645f6174223b733a31393a22323031392d30362d32302030323a30333a3033223b733a31303a22757064617465645f6174223b733a31393a22323031392d30362d32302030323a30333a3033223b733a31303a22736f667464656c657465223b733a313a2230223b733a31303a2267726f75705f6e616d61223b733a31313a2253757065722041646d696e223b7d),
('o0po9bvea83lucbs3p3f57e5631dbuvo', '::1', 1562006636, 0x5f5f63695f6c6173745f726567656e65726174657c693a313536323030363633363b6163746976655f757365727c4f3a383a22737464436c617373223a31323a7b733a323a226964223b733a313a2231223b733a383a2267726f75705f6964223b733a313a2231223b733a383a22757365726e616d65223b733a31333a2261646d696e6973747261746f72223b733a343a226e616d61223b733a31313a2253757065722041646d696e223b733a353a22656d61696c223b733a31373a2261646d696e40676d61696c2e636f6d0d0a223b733a383a2270617373776f7264223b733a36303a222432792431302431316c674a36365735654b55353674655a665447372e6f2e4f3356556d77576652534878782e6f396f443047584a70726173733936223b733a343a22666f746f223b733a31383a2232303139303632373031343632342e706e67223b733a363a2269645f726566223b733a313a2230223b733a31303a22637265617465645f6174223b733a31393a22323031392d30362d32302030323a30333a3033223b733a31303a22757064617465645f6174223b733a31393a22323031392d30362d32302030323a30333a3033223b733a31303a22736f667464656c657465223b733a313a2230223b733a31303a2267726f75705f6e616d61223b733a31313a2253757065722041646d696e223b7d),
('o352rvrln0kcujs4uf61vnhkdb720678', '::1', 1561822162, 0x5f5f63695f6c6173745f726567656e65726174657c693a313536313832323136323b6163746976655f757365727c4f3a383a22737464436c617373223a31333a7b733a323a226964223b733a313a2233223b733a383a2267726f75705f6964223b733a313a2233223b733a383a22757365726e616d65223b733a363a2261646d696e32223b733a343a226e616d61223b733a31323a22797573757068696461796174223b733a353a22656d61696c223b733a32313a22797573756678797a31313440676d61696c2e636f6d223b733a383a2270617373776f7264223b733a36303a22243279243130246c52687448475438677448514a4d5278734243554865635a36525a2f477564355a4c3575724a6d2e3873764a5666684f7777554632223b733a343a22666f746f223b733a31383a2232303139303632393230343731332e706e67223b733a363a2269645f726566223b733a313a2235223b733a31303a22637265617465645f6174223b733a31393a22303030302d30302d30302030303a30303a3030223b733a31303a22757064617465645f6174223b733a31393a22303030302d30302d30302030303a30303a3030223b733a31303a22736f667464656c657465223b733a313a2230223b733a31303a2267726f75705f6e616d61223b733a31343a224b616275706174656e2f4b6f7461223b733a31343a226b616275706174656e5f6b6f7461223b733a383a2253554b414d415241223b7d),
('ojc20c59sdtkfd1t74ft6vfkc6b9plge', '::1', 1561835439, 0x5f5f63695f6c6173745f726567656e65726174657c693a313536313833353433393b6163746976655f757365727c4f3a383a22737464436c617373223a31323a7b733a323a226964223b733a313a2231223b733a383a2267726f75705f6964223b733a313a2231223b733a383a22757365726e616d65223b733a31333a2261646d696e6973747261746f72223b733a343a226e616d61223b733a31313a2253757065722041646d696e223b733a353a22656d61696c223b733a31373a2261646d696e40676d61696c2e636f6d0d0a223b733a383a2270617373776f7264223b733a36303a222432792431302431316c674a36365735654b55353674655a665447372e6f2e4f3356556d77576652534878782e6f396f443047584a70726173733936223b733a343a22666f746f223b733a31383a2232303139303632373031343632342e706e67223b733a363a2269645f726566223b733a313a2230223b733a31303a22637265617465645f6174223b733a31393a22323031392d30362d32302030323a30333a3033223b733a31303a22757064617465645f6174223b733a31393a22323031392d30362d32302030323a30333a3033223b733a31303a22736f667464656c657465223b733a313a2230223b733a31303a2267726f75705f6e616d61223b733a31313a2253757065722041646d696e223b7d),
('okmq67hrhebtq6vhrrcvva4ojrlkqd60', '::1', 1561830512, 0x5f5f63695f6c6173745f726567656e65726174657c693a313536313833303531323b6163746976655f757365727c4f3a383a22737464436c617373223a31323a7b733a323a226964223b733a313a2231223b733a383a2267726f75705f6964223b733a313a2231223b733a383a22757365726e616d65223b733a31333a2261646d696e6973747261746f72223b733a343a226e616d61223b733a31313a2253757065722041646d696e223b733a353a22656d61696c223b733a31373a2261646d696e40676d61696c2e636f6d0d0a223b733a383a2270617373776f7264223b733a36303a222432792431302431316c674a36365735654b55353674655a665447372e6f2e4f3356556d77576652534878782e6f396f443047584a70726173733936223b733a343a22666f746f223b733a31383a2232303139303632373031343632342e706e67223b733a363a2269645f726566223b733a313a2230223b733a31303a22637265617465645f6174223b733a31393a22323031392d30362d32302030323a30333a3033223b733a31303a22757064617465645f6174223b733a31393a22323031392d30362d32302030323a30333a3033223b733a31303a22736f667464656c657465223b733a313a2230223b733a31303a2267726f75705f6e616d61223b733a31313a2253757065722041646d696e223b7d),
('ooro1qfq5dmse2r0719okh1lvgkp4se1', '::1', 1562009717, 0x5f5f63695f6c6173745f726567656e65726174657c693a313536323030393731373b6163746976655f757365727c4f3a383a22737464436c617373223a31333a7b733a323a226964223b733a313a2233223b733a383a2267726f75705f6964223b733a313a2233223b733a383a22757365726e616d65223b733a363a2261646d696e32223b733a343a226e616d61223b733a31323a22797573757068696461796174223b733a353a22656d61696c223b733a32313a22797573756678797a31313440676d61696c2e636f6d223b733a383a2270617373776f7264223b733a36303a22243279243130246c52687448475438677448514a4d5278734243554865635a36525a2f477564355a4c3575724a6d2e3873764a5666684f7777554632223b733a343a22666f746f223b733a31383a2232303139303632393230343731332e706e67223b733a363a2269645f726566223b733a313a2235223b733a31303a22637265617465645f6174223b733a31393a22303030302d30302d30302030303a30303a3030223b733a31303a22757064617465645f6174223b733a31393a22303030302d30302d30302030303a30303a3030223b733a31303a22736f667464656c657465223b733a313a2230223b733a31303a2267726f75705f6e616d61223b733a31343a224b616275706174656e2f4b6f7461223b733a31343a226b616275706174656e5f6b6f7461223b733a383a2253554b414d415241223b7d),
('ou1d8p2bjc05s9v316fpe0oapvekv5j1', '::1', 1562142780, 0x5f5f63695f6c6173745f726567656e65726174657c693a313536323134323738303b6163746976655f757365727c4f3a383a22737464436c617373223a31333a7b733a323a226964223b733a313a2233223b733a383a2267726f75705f6964223b733a313a2233223b733a383a22757365726e616d65223b733a363a2261646d696e32223b733a343a226e616d61223b733a31323a22797573757068696461796174223b733a353a22656d61696c223b733a32313a22797573756678797a31313440676d61696c2e636f6d223b733a383a2270617373776f7264223b733a36303a22243279243130246c52687448475438677448514a4d5278734243554865635a36525a2f477564355a4c3575724a6d2e3873764a5666684f7777554632223b733a343a22666f746f223b733a31383a2232303139303632393230343731332e706e67223b733a363a2269645f726566223b733a313a2235223b733a31303a22637265617465645f6174223b733a31393a22303030302d30302d30302030303a30303a3030223b733a31303a22757064617465645f6174223b733a31393a22303030302d30302d30302030303a30303a3030223b733a31303a22736f667464656c657465223b733a313a2230223b733a31303a2267726f75705f6e616d61223b733a31343a224b616275706174656e2f4b6f7461223b733a31343a226b616275706174656e5f6b6f7461223b733a383a2253554b414d415241223b7d),
('p1m0cb9v4g15m1le6bs8ohvtum2ina2j', '::1', 1561805329, 0x5f5f63695f6c6173745f726567656e65726174657c693a313536313830353332393b6163746976655f757365727c4f3a383a22737464436c617373223a31323a7b733a323a226964223b733a313a2231223b733a383a2267726f75705f6964223b733a313a2231223b733a383a22757365726e616d65223b733a31333a2261646d696e6973747261746f72223b733a343a226e616d61223b733a31313a2253757065722041646d696e223b733a353a22656d61696c223b733a31373a2261646d696e40676d61696c2e636f6d0d0a223b733a383a2270617373776f7264223b733a36303a222432792431302431316c674a36365735654b55353674655a665447372e6f2e4f3356556d77576652534878782e6f396f443047584a70726173733936223b733a343a22666f746f223b733a31383a2232303139303632373031343632342e706e67223b733a363a2269645f726566223b733a313a2230223b733a31303a22637265617465645f6174223b733a31393a22323031392d30362d32302030323a30333a3033223b733a31303a22757064617465645f6174223b733a31393a22323031392d30362d32302030323a30333a3033223b733a31303a22736f667464656c657465223b733a313a2230223b733a31303a2267726f75705f6e616d61223b733a31313a2253757065722041646d696e223b7d),
('p2nk9nc2b9qa2g4br6dulkkva6hsj52r', '::1', 1561826293, 0x5f5f63695f6c6173745f726567656e65726174657c693a313536313832363239333b6163746976655f757365727c4f3a383a22737464436c617373223a31323a7b733a323a226964223b733a313a2231223b733a383a2267726f75705f6964223b733a313a2231223b733a383a22757365726e616d65223b733a31333a2261646d696e6973747261746f72223b733a343a226e616d61223b733a31313a2253757065722041646d696e223b733a353a22656d61696c223b733a31373a2261646d696e40676d61696c2e636f6d0d0a223b733a383a2270617373776f7264223b733a36303a222432792431302431316c674a36365735654b55353674655a665447372e6f2e4f3356556d77576652534878782e6f396f443047584a70726173733936223b733a343a22666f746f223b733a31383a2232303139303632373031343632342e706e67223b733a363a2269645f726566223b733a313a2230223b733a31303a22637265617465645f6174223b733a31393a22323031392d30362d32302030323a30333a3033223b733a31303a22757064617465645f6174223b733a31393a22323031392d30362d32302030323a30333a3033223b733a31303a22736f667464656c657465223b733a313a2230223b733a31303a2267726f75705f6e616d61223b733a31313a2253757065722041646d696e223b7d),
('p34hep64qq9n30qkue3091pkb97sm4rf', '::1', 1561999078, 0x5f5f63695f6c6173745f726567656e65726174657c693a313536313939393037383b6163746976655f757365727c4f3a383a22737464436c617373223a31323a7b733a323a226964223b733a313a2231223b733a383a2267726f75705f6964223b733a313a2231223b733a383a22757365726e616d65223b733a31333a2261646d696e6973747261746f72223b733a343a226e616d61223b733a31313a2253757065722041646d696e223b733a353a22656d61696c223b733a31373a2261646d696e40676d61696c2e636f6d0d0a223b733a383a2270617373776f7264223b733a36303a222432792431302431316c674a36365735654b55353674655a665447372e6f2e4f3356556d77576652534878782e6f396f443047584a70726173733936223b733a343a22666f746f223b733a31383a2232303139303632373031343632342e706e67223b733a363a2269645f726566223b733a313a2230223b733a31303a22637265617465645f6174223b733a31393a22323031392d30362d32302030323a30333a3033223b733a31303a22757064617465645f6174223b733a31393a22323031392d30362d32302030323a30333a3033223b733a31303a22736f667464656c657465223b733a313a2230223b733a31303a2267726f75705f6e616d61223b733a31313a2253757065722041646d696e223b7d),
('ptmsibgtsnf9h1n5e9ut4cffa6o46ldl', '::1', 1561826624, 0x5f5f63695f6c6173745f726567656e65726174657c693a313536313832363632343b6163746976655f757365727c4f3a383a22737464436c617373223a31323a7b733a323a226964223b733a313a2231223b733a383a2267726f75705f6964223b733a313a2231223b733a383a22757365726e616d65223b733a31333a2261646d696e6973747261746f72223b733a343a226e616d61223b733a31313a2253757065722041646d696e223b733a353a22656d61696c223b733a31373a2261646d696e40676d61696c2e636f6d0d0a223b733a383a2270617373776f7264223b733a36303a222432792431302431316c674a36365735654b55353674655a665447372e6f2e4f3356556d77576652534878782e6f396f443047584a70726173733936223b733a343a22666f746f223b733a31383a2232303139303632373031343632342e706e67223b733a363a2269645f726566223b733a313a2230223b733a31303a22637265617465645f6174223b733a31393a22323031392d30362d32302030323a30333a3033223b733a31303a22757064617465645f6174223b733a31393a22323031392d30362d32302030323a30333a3033223b733a31303a22736f667464656c657465223b733a313a2230223b733a31303a2267726f75705f6e616d61223b733a31313a2253757065722041646d696e223b7d),
('pu05p9phrlaldh66vrtbef9cek0qn0u0', '::1', 1562141794, 0x5f5f63695f6c6173745f726567656e65726174657c693a313536323134313739343b6163746976655f757365727c4f3a383a22737464436c617373223a31333a7b733a323a226964223b733a313a2233223b733a383a2267726f75705f6964223b733a313a2233223b733a383a22757365726e616d65223b733a363a2261646d696e32223b733a343a226e616d61223b733a31323a22797573757068696461796174223b733a353a22656d61696c223b733a32313a22797573756678797a31313440676d61696c2e636f6d223b733a383a2270617373776f7264223b733a36303a22243279243130246c52687448475438677448514a4d5278734243554865635a36525a2f477564355a4c3575724a6d2e3873764a5666684f7777554632223b733a343a22666f746f223b733a31383a2232303139303632393230343731332e706e67223b733a363a2269645f726566223b733a313a2235223b733a31303a22637265617465645f6174223b733a31393a22303030302d30302d30302030303a30303a3030223b733a31303a22757064617465645f6174223b733a31393a22303030302d30302d30302030303a30303a3030223b733a31303a22736f667464656c657465223b733a313a2230223b733a31303a2267726f75705f6e616d61223b733a31343a224b616275706174656e2f4b6f7461223b733a31343a226b616275706174656e5f6b6f7461223b733a383a2253554b414d415241223b7d),
('puqji23hbsetmqbso9611hehjpels4p0', '::1', 1561833731, 0x5f5f63695f6c6173745f726567656e65726174657c693a313536313833333733313b6163746976655f757365727c4f3a383a22737464436c617373223a31323a7b733a323a226964223b733a313a2231223b733a383a2267726f75705f6964223b733a313a2231223b733a383a22757365726e616d65223b733a31333a2261646d696e6973747261746f72223b733a343a226e616d61223b733a31313a2253757065722041646d696e223b733a353a22656d61696c223b733a31373a2261646d696e40676d61696c2e636f6d0d0a223b733a383a2270617373776f7264223b733a36303a222432792431302431316c674a36365735654b55353674655a665447372e6f2e4f3356556d77576652534878782e6f396f443047584a70726173733936223b733a343a22666f746f223b733a31383a2232303139303632373031343632342e706e67223b733a363a2269645f726566223b733a313a2230223b733a31303a22637265617465645f6174223b733a31393a22323031392d30362d32302030323a30333a3033223b733a31303a22757064617465645f6174223b733a31393a22323031392d30362d32302030323a30333a3033223b733a31303a22736f667464656c657465223b733a313a2230223b733a31303a2267726f75705f6e616d61223b733a31313a2253757065722041646d696e223b7d),
('q15m44ae92sceuh6hj0e67rlgj0qhgke', '::1', 1562137839, 0x5f5f63695f6c6173745f726567656e65726174657c693a313536323133373833393b6163746976655f757365727c4f3a383a22737464436c617373223a31333a7b733a323a226964223b733a313a2233223b733a383a2267726f75705f6964223b733a313a2233223b733a383a22757365726e616d65223b733a363a2261646d696e32223b733a343a226e616d61223b733a31323a22797573757068696461796174223b733a353a22656d61696c223b733a32313a22797573756678797a31313440676d61696c2e636f6d223b733a383a2270617373776f7264223b733a36303a22243279243130246c52687448475438677448514a4d5278734243554865635a36525a2f477564355a4c3575724a6d2e3873764a5666684f7777554632223b733a343a22666f746f223b733a31383a2232303139303632393230343731332e706e67223b733a363a2269645f726566223b733a313a2235223b733a31303a22637265617465645f6174223b733a31393a22303030302d30302d30302030303a30303a3030223b733a31303a22757064617465645f6174223b733a31393a22303030302d30302d30302030303a30303a3030223b733a31303a22736f667464656c657465223b733a313a2230223b733a31303a2267726f75705f6e616d61223b733a31343a224b616275706174656e2f4b6f7461223b733a31343a226b616275706174656e5f6b6f7461223b733a383a2253554b414d415241223b7d),
('qaov7p51t1sfhlohjifv4drh8r3v0j68', '::1', 1562162791, 0x5f5f63695f6c6173745f726567656e65726174657c693a313536323136323735353b6163746976655f757365727c4f3a383a22737464436c617373223a31333a7b733a323a226964223b733a313a2236223b733a383a2267726f75705f6964223b733a313a2232223b733a383a22757365726e616d65223b733a353a22746974696b223b733a343a226e616d61223b733a353a22746974696b223b733a353a22656d61696c223b733a32303a22656c6973616669726e6140676d61696c2e636f6d223b733a383a2270617373776f7264223b733a36303a2224327924313024666861574e556c5636457865634a4c7631324b67617549336337555655324e733154524d4b49503571654c494961466d73534c5132223b733a343a22666f746f223b733a31383a2232303139303632353232353632332e706e67223b733a363a2269645f726566223b733a313a2231223b733a31303a22637265617465645f6174223b733a31393a22303030302d30302d30302030303a30303a3030223b733a31303a22757064617465645f6174223b733a31393a22303030302d30302d30302030303a30303a3030223b733a31303a22736f667464656c657465223b733a313a2230223b733a31303a2267726f75705f6e616d61223b4e3b733a31303a22646972656b746f726174223b733a343a22444a5042223b7d),
('qk1v2tabolprcq5u8iteklpqc00uh8mr', '::1', 1562000812, 0x5f5f63695f6c6173745f726567656e65726174657c693a313536323030303831323b6163746976655f757365727c4f3a383a22737464436c617373223a31323a7b733a323a226964223b733a313a2231223b733a383a2267726f75705f6964223b733a313a2231223b733a383a22757365726e616d65223b733a31333a2261646d696e6973747261746f72223b733a343a226e616d61223b733a31313a2253757065722041646d696e223b733a353a22656d61696c223b733a31373a2261646d696e40676d61696c2e636f6d0d0a223b733a383a2270617373776f7264223b733a36303a222432792431302431316c674a36365735654b55353674655a665447372e6f2e4f3356556d77576652534878782e6f396f443047584a70726173733936223b733a343a22666f746f223b733a31383a2232303139303632373031343632342e706e67223b733a363a2269645f726566223b733a313a2230223b733a31303a22637265617465645f6174223b733a31393a22323031392d30362d32302030323a30333a3033223b733a31303a22757064617465645f6174223b733a31393a22323031392d30362d32302030323a30333a3033223b733a31303a22736f667464656c657465223b733a313a2230223b733a31303a2267726f75705f6e616d61223b733a31313a2253757065722041646d696e223b7d),
('r3t9k04m1lj84i9ccimif2n4017b5tlt', '::1', 1562160025, 0x5f5f63695f6c6173745f726567656e65726174657c693a313536323136303032353b6163746976655f757365727c4f3a383a22737464436c617373223a31333a7b733a323a226964223b733a313a2233223b733a383a2267726f75705f6964223b733a313a2233223b733a383a22757365726e616d65223b733a363a2261646d696e32223b733a343a226e616d61223b733a31323a22797573757068696461796174223b733a353a22656d61696c223b733a32313a22797573756678797a31313440676d61696c2e636f6d223b733a383a2270617373776f7264223b733a36303a22243279243130246c52687448475438677448514a4d5278734243554865635a36525a2f477564355a4c3575724a6d2e3873764a5666684f7777554632223b733a343a22666f746f223b733a31383a2232303139303632393230343731332e706e67223b733a363a2269645f726566223b733a313a2235223b733a31303a22637265617465645f6174223b733a31393a22303030302d30302d30302030303a30303a3030223b733a31303a22757064617465645f6174223b733a31393a22303030302d30302d30302030303a30303a3030223b733a31303a22736f667464656c657465223b733a313a2230223b733a31303a2267726f75705f6e616d61223b733a31343a224b616275706174656e2f4b6f7461223b733a31343a226b616275706174656e5f6b6f7461223b733a383a2253554b414d415241223b7d),
('r8u0k7q6fpfebtodp8c3ikd458c1a1b5', '::1', 1561994077, 0x5f5f63695f6c6173745f726567656e65726174657c693a313536313939343037373b6163746976655f757365727c4f3a383a22737464436c617373223a31323a7b733a323a226964223b733a313a2231223b733a383a2267726f75705f6964223b733a313a2231223b733a383a22757365726e616d65223b733a31333a2261646d696e6973747261746f72223b733a343a226e616d61223b733a31313a2253757065722041646d696e223b733a353a22656d61696c223b733a31373a2261646d696e40676d61696c2e636f6d0d0a223b733a383a2270617373776f7264223b733a36303a222432792431302431316c674a36365735654b55353674655a665447372e6f2e4f3356556d77576652534878782e6f396f443047584a70726173733936223b733a343a22666f746f223b733a31383a2232303139303632373031343632342e706e67223b733a363a2269645f726566223b733a313a2230223b733a31303a22637265617465645f6174223b733a31393a22323031392d30362d32302030323a30333a3033223b733a31303a22757064617465645f6174223b733a31393a22323031392d30362d32302030323a30333a3033223b733a31303a22736f667464656c657465223b733a313a2230223b733a31303a2267726f75705f6e616d61223b733a31313a2253757065722041646d696e223b7d),
('rd1990g8niiee4jc0aanmhfbopaf7p75', '::1', 1562126597, 0x5f5f63695f6c6173745f726567656e65726174657c693a313536323132363539373b6163746976655f757365727c4f3a383a22737464436c617373223a31323a7b733a323a226964223b733a313a2231223b733a383a2267726f75705f6964223b733a313a2231223b733a383a22757365726e616d65223b733a31333a2261646d696e6973747261746f72223b733a343a226e616d61223b733a31313a2253757065722041646d696e223b733a353a22656d61696c223b733a31373a2261646d696e40676d61696c2e636f6d0d0a223b733a383a2270617373776f7264223b733a36303a222432792431302431316c674a36365735654b55353674655a665447372e6f2e4f3356556d77576652534878782e6f396f443047584a70726173733936223b733a343a22666f746f223b733a31383a2232303139303632373031343632342e706e67223b733a363a2269645f726566223b733a313a2230223b733a31303a22637265617465645f6174223b733a31393a22323031392d30362d32302030323a30333a3033223b733a31303a22757064617465645f6174223b733a31393a22323031392d30362d32302030323a30333a3033223b733a31303a22736f667464656c657465223b733a313a2230223b733a31303a2267726f75705f6e616d61223b733a31313a2253757065722041646d696e223b7d),
('rdslkqhv6pduj1j8s5kdmjrumnfku5b5', '::1', 1562271522, 0x5f5f63695f6c6173745f726567656e65726174657c693a313536323237313532323b6163746976655f757365727c4f3a383a22737464436c617373223a31333a7b733a323a226964223b733a313a2233223b733a383a2267726f75705f6964223b733a313a2233223b733a383a22757365726e616d65223b733a363a2261646d696e32223b733a343a226e616d61223b733a31323a22797573757068696461796174223b733a353a22656d61696c223b733a32313a22797573756678797a31313440676d61696c2e636f6d223b733a383a2270617373776f7264223b733a36303a22243279243130246c52687448475438677448514a4d5278734243554865635a36525a2f477564355a4c3575724a6d2e3873764a5666684f7777554632223b733a343a22666f746f223b733a31383a2232303139303632393230343731332e706e67223b733a363a2269645f726566223b733a313a2235223b733a31303a22637265617465645f6174223b733a31393a22303030302d30302d30302030303a30303a3030223b733a31303a22757064617465645f6174223b733a31393a22303030302d30302d30302030303a30303a3030223b733a31303a22736f667464656c657465223b733a313a2230223b733a31303a2267726f75705f6e616d61223b733a31343a224b616275706174656e2f4b6f7461223b733a31343a226b616275706174656e5f6b6f7461223b733a383a2253554b414d415241223b7d),
('rfuv6br1sbpdm8b1ha0bgv98li8g71od', '::1', 1562135057, 0x5f5f63695f6c6173745f726567656e65726174657c693a313536323133353035373b6163746976655f757365727c4f3a383a22737464436c617373223a31323a7b733a323a226964223b733a313a2231223b733a383a2267726f75705f6964223b733a313a2231223b733a383a22757365726e616d65223b733a31333a2261646d696e6973747261746f72223b733a343a226e616d61223b733a31313a2253757065722041646d696e223b733a353a22656d61696c223b733a31373a2261646d696e40676d61696c2e636f6d0d0a223b733a383a2270617373776f7264223b733a36303a222432792431302431316c674a36365735654b55353674655a665447372e6f2e4f3356556d77576652534878782e6f396f443047584a70726173733936223b733a343a22666f746f223b733a31383a2232303139303632373031343632342e706e67223b733a363a2269645f726566223b733a313a2230223b733a31303a22637265617465645f6174223b733a31393a22323031392d30362d32302030323a30333a3033223b733a31303a22757064617465645f6174223b733a31393a22323031392d30362d32302030323a30333a3033223b733a31303a22736f667464656c657465223b733a313a2230223b733a31303a2267726f75705f6e616d61223b733a31313a2253757065722041646d696e223b7d),
('rmdnvj5o67t0qpaf7u2evg7p5l35qotb', '::1', 1561821353, 0x5f5f63695f6c6173745f726567656e65726174657c693a313536313832313335333b6163746976655f757365727c4f3a383a22737464436c617373223a31333a7b733a323a226964223b733a313a2233223b733a383a2267726f75705f6964223b733a313a2233223b733a383a22757365726e616d65223b733a363a2261646d696e32223b733a343a226e616d61223b733a31323a22797573757068696461796174223b733a353a22656d61696c223b733a32313a22797573756678797a31313440676d61696c2e636f6d223b733a383a2270617373776f7264223b733a36303a22243279243130246c52687448475438677448514a4d5278734243554865635a36525a2f477564355a4c3575724a6d2e3873764a5666684f7777554632223b733a343a22666f746f223b733a31383a2232303139303632393230343731332e706e67223b733a363a2269645f726566223b733a313a2235223b733a31303a22637265617465645f6174223b733a31393a22303030302d30302d30302030303a30303a3030223b733a31303a22757064617465645f6174223b733a31393a22303030302d30302d30302030303a30303a3030223b733a31303a22736f667464656c657465223b733a313a2230223b733a31303a2267726f75705f6e616d61223b733a31343a224b616275706174656e2f4b6f7461223b733a31343a226b616275706174656e5f6b6f7461223b733a383a2253554b414d415241223b7d),
('rutjqhl9oko8g1e2gos6n6okersd0mho', '::1', 1561824443, 0x5f5f63695f6c6173745f726567656e65726174657c693a313536313832343434333b6163746976655f757365727c4f3a383a22737464436c617373223a31323a7b733a323a226964223b733a313a2231223b733a383a2267726f75705f6964223b733a313a2231223b733a383a22757365726e616d65223b733a31333a2261646d696e6973747261746f72223b733a343a226e616d61223b733a31313a2253757065722041646d696e223b733a353a22656d61696c223b733a31373a2261646d696e40676d61696c2e636f6d0d0a223b733a383a2270617373776f7264223b733a36303a222432792431302431316c674a36365735654b55353674655a665447372e6f2e4f3356556d77576652534878782e6f396f443047584a70726173733936223b733a343a22666f746f223b733a31383a2232303139303632373031343632342e706e67223b733a363a2269645f726566223b733a313a2230223b733a31303a22637265617465645f6174223b733a31393a22323031392d30362d32302030323a30333a3033223b733a31303a22757064617465645f6174223b733a31393a22323031392d30362d32302030323a30333a3033223b733a31303a22736f667464656c657465223b733a313a2230223b733a31303a2267726f75705f6e616d61223b733a31313a2253757065722041646d696e223b7d),
('seu02qph5s56fetl90rniv1td2qslecn', '::1', 1562272336, 0x5f5f63695f6c6173745f726567656e65726174657c693a313536323237323333363b6163746976655f757365727c4f3a383a22737464436c617373223a31333a7b733a323a226964223b733a313a2236223b733a383a2267726f75705f6964223b733a313a2232223b733a383a22757365726e616d65223b733a353a22746974696b223b733a343a226e616d61223b733a353a22746974696b223b733a353a22656d61696c223b733a32303a22656c6973616669726e6140676d61696c2e636f6d223b733a383a2270617373776f7264223b733a36303a2224327924313024666861574e556c5636457865634a4c7631324b67617549336337555655324e733154524d4b49503571654c494961466d73534c5132223b733a343a22666f746f223b733a31383a2232303139303730343134333634342e706e67223b733a363a2269645f726566223b733a313a2231223b733a31303a22637265617465645f6174223b733a31393a22303030302d30302d30302030303a30303a3030223b733a31303a22757064617465645f6174223b733a31393a22303030302d30302d30302030303a30303a3030223b733a31303a22736f667464656c657465223b733a313a2230223b733a31303a2267726f75705f6e616d61223b4e3b733a31303a22646972656b746f726174223b733a343a22444a5042223b7d),
('sh2omeh7lc9m8q08iokd9rp68mvqi8ce', '::1', 1562182125, 0x5f5f63695f6c6173745f726567656e65726174657c693a313536323138323132353b6163746976655f757365727c4f3a383a22737464436c617373223a31333a7b733a323a226964223b733a313a2236223b733a383a2267726f75705f6964223b733a313a2232223b733a383a22757365726e616d65223b733a353a22746974696b223b733a343a226e616d61223b733a353a22746974696b223b733a353a22656d61696c223b733a32303a22656c6973616669726e6140676d61696c2e636f6d223b733a383a2270617373776f7264223b733a36303a2224327924313024666861574e556c5636457865634a4c7631324b67617549336337555655324e733154524d4b49503571654c494961466d73534c5132223b733a343a22666f746f223b733a31383a2232303139303632353232353632332e706e67223b733a363a2269645f726566223b733a313a2231223b733a31303a22637265617465645f6174223b733a31393a22303030302d30302d30302030303a30303a3030223b733a31303a22757064617465645f6174223b733a31393a22303030302d30302d30302030303a30303a3030223b733a31303a22736f667464656c657465223b733a313a2230223b733a31303a2267726f75705f6e616d61223b4e3b733a31303a22646972656b746f726174223b733a343a22444a5042223b7d),
('sikeiqkobb3q68avglsdrjliku4i3ti1', '::1', 1561812522, 0x5f5f63695f6c6173745f726567656e65726174657c693a313536313831323532323b6163746976655f757365727c4f3a383a22737464436c617373223a31333a7b733a323a226964223b733a313a2233223b733a383a2267726f75705f6964223b733a313a2233223b733a383a22757365726e616d65223b733a363a2261646d696e32223b733a343a226e616d61223b733a31323a22797573757068696461796174223b733a353a22656d61696c223b733a32313a22797573756678797a31313440676d61696c2e636f6d223b733a383a2270617373776f7264223b733a36303a22243279243130246c52687448475438677448514a4d5278734243554865635a36525a2f477564355a4c3575724a6d2e3873764a5666684f7777554632223b733a343a22666f746f223b733a31383a2232303139303632353232353535342e706e67223b733a363a2269645f726566223b733a313a2235223b733a31303a22637265617465645f6174223b733a31393a22303030302d30302d30302030303a30303a3030223b733a31303a22757064617465645f6174223b733a31393a22303030302d30302d30302030303a30303a3030223b733a31303a22736f667464656c657465223b733a313a2230223b733a31303a2267726f75705f6e616d61223b733a31343a224b616275706174656e2f4b6f7461223b733a31343a226b616275706174656e5f6b6f7461223b733a383a2253554b414d415241223b7d),
('sk0ko5qoqq0j1vu5i722428qlob9cdcf', '::1', 1562019838, 0x5f5f63695f6c6173745f726567656e65726174657c693a313536323031393833383b6163746976655f757365727c4f3a383a22737464436c617373223a31323a7b733a323a226964223b733a313a2231223b733a383a2267726f75705f6964223b733a313a2231223b733a383a22757365726e616d65223b733a31333a2261646d696e6973747261746f72223b733a343a226e616d61223b733a31313a2253757065722041646d696e223b733a353a22656d61696c223b733a31373a2261646d696e40676d61696c2e636f6d0d0a223b733a383a2270617373776f7264223b733a36303a222432792431302431316c674a36365735654b55353674655a665447372e6f2e4f3356556d77576652534878782e6f396f443047584a70726173733936223b733a343a22666f746f223b733a31383a2232303139303632373031343632342e706e67223b733a363a2269645f726566223b733a313a2230223b733a31303a22637265617465645f6174223b733a31393a22323031392d30362d32302030323a30333a3033223b733a31303a22757064617465645f6174223b733a31393a22323031392d30362d32302030323a30333a3033223b733a31303a22736f667464656c657465223b733a313a2230223b733a31303a2267726f75705f6e616d61223b733a31313a2253757065722041646d696e223b7d),
('t1kkaft9u0m65qhk4ojotgccrra45i0c', '::1', 1562137134, 0x5f5f63695f6c6173745f726567656e65726174657c693a313536323133373133343b6163746976655f757365727c4f3a383a22737464436c617373223a31323a7b733a323a226964223b733a313a2231223b733a383a2267726f75705f6964223b733a313a2231223b733a383a22757365726e616d65223b733a31333a2261646d696e6973747261746f72223b733a343a226e616d61223b733a31313a2253757065722041646d696e223b733a353a22656d61696c223b733a31373a2261646d696e40676d61696c2e636f6d0d0a223b733a383a2270617373776f7264223b733a36303a222432792431302431316c674a36365735654b55353674655a665447372e6f2e4f3356556d77576652534878782e6f396f443047584a70726173733936223b733a343a22666f746f223b733a31383a2232303139303632373031343632342e706e67223b733a363a2269645f726566223b733a313a2230223b733a31303a22637265617465645f6174223b733a31393a22323031392d30362d32302030323a30333a3033223b733a31303a22757064617465645f6174223b733a31393a22323031392d30362d32302030323a30333a3033223b733a31303a22736f667464656c657465223b733a313a2230223b733a31303a2267726f75705f6e616d61223b733a31313a2253757065722041646d696e223b7d),
('t2iqjk5f35a6qgpdi26hgl3kunkf9vhf', '::1', 1562247160, 0x5f5f63695f6c6173745f726567656e65726174657c693a313536323234373136303b6163746976655f757365727c4f3a383a22737464436c617373223a31333a7b733a323a226964223b733a313a2236223b733a383a2267726f75705f6964223b733a313a2232223b733a383a22757365726e616d65223b733a353a22746974696b223b733a343a226e616d61223b733a353a22746974696b223b733a353a22656d61696c223b733a32303a22656c6973616669726e6140676d61696c2e636f6d223b733a383a2270617373776f7264223b733a36303a2224327924313024666861574e556c5636457865634a4c7631324b67617549336337555655324e733154524d4b49503571654c494961466d73534c5132223b733a343a22666f746f223b733a31383a2232303139303730343134333634342e706e67223b733a363a2269645f726566223b733a313a2231223b733a31303a22637265617465645f6174223b733a31393a22303030302d30302d30302030303a30303a3030223b733a31303a22757064617465645f6174223b733a31393a22303030302d30302d30302030303a30303a3030223b733a31303a22736f667464656c657465223b733a313a2230223b733a31303a2267726f75705f6e616d61223b4e3b733a31303a22646972656b746f726174223b733a343a22444a5042223b7d),
('t577qnb3surlcfs2pqiapbko1q6hu3js', '::1', 1562020093, 0x5f5f63695f6c6173745f726567656e65726174657c693a313536323031393833383b6163746976655f757365727c4f3a383a22737464436c617373223a31323a7b733a323a226964223b733a313a2231223b733a383a2267726f75705f6964223b733a313a2231223b733a383a22757365726e616d65223b733a31333a2261646d696e6973747261746f72223b733a343a226e616d61223b733a31313a2253757065722041646d696e223b733a353a22656d61696c223b733a31373a2261646d696e40676d61696c2e636f6d0d0a223b733a383a2270617373776f7264223b733a36303a222432792431302431316c674a36365735654b55353674655a665447372e6f2e4f3356556d77576652534878782e6f396f443047584a70726173733936223b733a343a22666f746f223b733a31383a2232303139303632373031343632342e706e67223b733a363a2269645f726566223b733a313a2230223b733a31303a22637265617465645f6174223b733a31393a22323031392d30362d32302030323a30333a3033223b733a31303a22757064617465645f6174223b733a31393a22323031392d30362d32302030323a30333a3033223b733a31303a22736f667464656c657465223b733a313a2230223b733a31303a2267726f75705f6e616d61223b733a31313a2253757065722041646d696e223b7d),
('tbk6mc1l3c61iba87pcbsgkmldsd2dqc', '::1', 1562227205, 0x5f5f63695f6c6173745f726567656e65726174657c693a313536323232373039353b6163746976655f757365727c4f3a383a22737464436c617373223a31333a7b733a323a226964223b733a313a2236223b733a383a2267726f75705f6964223b733a313a2232223b733a383a22757365726e616d65223b733a353a22746974696b223b733a343a226e616d61223b733a353a22746974696b223b733a353a22656d61696c223b733a32303a22656c6973616669726e6140676d61696c2e636f6d223b733a383a2270617373776f7264223b733a36303a2224327924313024666861574e556c5636457865634a4c7631324b67617549336337555655324e733154524d4b49503571654c494961466d73534c5132223b733a343a22666f746f223b733a31383a2232303139303632353232353632332e706e67223b733a363a2269645f726566223b733a313a2231223b733a31303a22637265617465645f6174223b733a31393a22303030302d30302d30302030303a30303a3030223b733a31303a22757064617465645f6174223b733a31393a22303030302d30302d30302030303a30303a3030223b733a31303a22736f667464656c657465223b733a313a2230223b733a31303a2267726f75705f6e616d61223b4e3b733a31303a22646972656b746f726174223b733a343a22444a5042223b7d),
('tbviuh5psn1ujdfcfdhtbvaf0ru3eqm3', '::1', 1562010968, 0x5f5f63695f6c6173745f726567656e65726174657c693a313536323031303936383b6163746976655f757365727c4f3a383a22737464436c617373223a31333a7b733a323a226964223b733a313a2233223b733a383a2267726f75705f6964223b733a313a2233223b733a383a22757365726e616d65223b733a363a2261646d696e32223b733a343a226e616d61223b733a31323a22797573757068696461796174223b733a353a22656d61696c223b733a32313a22797573756678797a31313440676d61696c2e636f6d223b733a383a2270617373776f7264223b733a36303a22243279243130246c52687448475438677448514a4d5278734243554865635a36525a2f477564355a4c3575724a6d2e3873764a5666684f7777554632223b733a343a22666f746f223b733a31383a2232303139303632393230343731332e706e67223b733a363a2269645f726566223b733a313a2235223b733a31303a22637265617465645f6174223b733a31393a22303030302d30302d30302030303a30303a3030223b733a31303a22757064617465645f6174223b733a31393a22303030302d30302d30302030303a30303a3030223b733a31303a22736f667464656c657465223b733a313a2230223b733a31303a2267726f75705f6e616d61223b733a31343a224b616275706174656e2f4b6f7461223b733a31343a226b616275706174656e5f6b6f7461223b733a383a2253554b414d415241223b7d),
('u3bnscp0fh6vn7fdjhvnhr5vcrbc2iob', '::1', 1562010524, 0x5f5f63695f6c6173745f726567656e65726174657c693a313536323031303532343b6163746976655f757365727c4f3a383a22737464436c617373223a31333a7b733a323a226964223b733a313a2233223b733a383a2267726f75705f6964223b733a313a2233223b733a383a22757365726e616d65223b733a363a2261646d696e32223b733a343a226e616d61223b733a31323a22797573757068696461796174223b733a353a22656d61696c223b733a32313a22797573756678797a31313440676d61696c2e636f6d223b733a383a2270617373776f7264223b733a36303a22243279243130246c52687448475438677448514a4d5278734243554865635a36525a2f477564355a4c3575724a6d2e3873764a5666684f7777554632223b733a343a22666f746f223b733a31383a2232303139303632393230343731332e706e67223b733a363a2269645f726566223b733a313a2235223b733a31303a22637265617465645f6174223b733a31393a22303030302d30302d30302030303a30303a3030223b733a31303a22757064617465645f6174223b733a31393a22303030302d30302d30302030303a30303a3030223b733a31303a22736f667464656c657465223b733a313a2230223b733a31303a2267726f75705f6e616d61223b733a31343a224b616275706174656e2f4b6f7461223b733a31343a226b616275706174656e5f6b6f7461223b733a383a2253554b414d415241223b7d),
('u5vv2j8r4s3b6dklmmjquqr18mr0vj5n', '::1', 1561828809, 0x5f5f63695f6c6173745f726567656e65726174657c693a313536313832383830393b6163746976655f757365727c4f3a383a22737464436c617373223a31323a7b733a323a226964223b733a313a2231223b733a383a2267726f75705f6964223b733a313a2231223b733a383a22757365726e616d65223b733a31333a2261646d696e6973747261746f72223b733a343a226e616d61223b733a31313a2253757065722041646d696e223b733a353a22656d61696c223b733a31373a2261646d696e40676d61696c2e636f6d0d0a223b733a383a2270617373776f7264223b733a36303a222432792431302431316c674a36365735654b55353674655a665447372e6f2e4f3356556d77576652534878782e6f396f443047584a70726173733936223b733a343a22666f746f223b733a31383a2232303139303632373031343632342e706e67223b733a363a2269645f726566223b733a313a2230223b733a31303a22637265617465645f6174223b733a31393a22323031392d30362d32302030323a30333a3033223b733a31303a22757064617465645f6174223b733a31393a22323031392d30362d32302030323a30333a3033223b733a31303a22736f667464656c657465223b733a313a2230223b733a31303a2267726f75705f6e616d61223b733a31313a2253757065722041646d696e223b7d),
('u7fur2ujp068ivts3euq3pkrbvnkhod5', '::1', 1562270340, 0x5f5f63695f6c6173745f726567656e65726174657c693a313536323237303334303b6163746976655f757365727c4f3a383a22737464436c617373223a31333a7b733a323a226964223b733a313a2233223b733a383a2267726f75705f6964223b733a313a2233223b733a383a22757365726e616d65223b733a363a2261646d696e32223b733a343a226e616d61223b733a31323a22797573757068696461796174223b733a353a22656d61696c223b733a32313a22797573756678797a31313440676d61696c2e636f6d223b733a383a2270617373776f7264223b733a36303a22243279243130246c52687448475438677448514a4d5278734243554865635a36525a2f477564355a4c3575724a6d2e3873764a5666684f7777554632223b733a343a22666f746f223b733a31383a2232303139303632393230343731332e706e67223b733a363a2269645f726566223b733a313a2235223b733a31303a22637265617465645f6174223b733a31393a22303030302d30302d30302030303a30303a3030223b733a31303a22757064617465645f6174223b733a31393a22303030302d30302d30302030303a30303a3030223b733a31303a22736f667464656c657465223b733a313a2230223b733a31303a2267726f75705f6e616d61223b733a31343a224b616275706174656e2f4b6f7461223b733a31343a226b616275706174656e5f6b6f7461223b733a383a2253554b414d415241223b7d),
('u8qkh62ifl184mqt1jkeop9g8i2mjehl', '::1', 1561834691, 0x5f5f63695f6c6173745f726567656e65726174657c693a313536313833343639313b6163746976655f757365727c4f3a383a22737464436c617373223a31333a7b733a323a226964223b733a313a2233223b733a383a2267726f75705f6964223b733a313a2233223b733a383a22757365726e616d65223b733a363a2261646d696e32223b733a343a226e616d61223b733a31323a22797573757068696461796174223b733a353a22656d61696c223b733a32313a22797573756678797a31313440676d61696c2e636f6d223b733a383a2270617373776f7264223b733a36303a22243279243130246c52687448475438677448514a4d5278734243554865635a36525a2f477564355a4c3575724a6d2e3873764a5666684f7777554632223b733a343a22666f746f223b733a31383a2232303139303632393230343731332e706e67223b733a363a2269645f726566223b733a313a2235223b733a31303a22637265617465645f6174223b733a31393a22303030302d30302d30302030303a30303a3030223b733a31303a22757064617465645f6174223b733a31393a22303030302d30302d30302030303a30303a3030223b733a31303a22736f667464656c657465223b733a313a2230223b733a31303a2267726f75705f6e616d61223b733a31343a224b616275706174656e2f4b6f7461223b733a31343a226b616275706174656e5f6b6f7461223b733a383a2253554b414d415241223b7d),
('uckbibbpumm3sbsg23kj25117nbon8nl', '::1', 1561820015, 0x5f5f63695f6c6173745f726567656e65726174657c693a313536313832303031353b6163746976655f757365727c4f3a383a22737464436c617373223a31333a7b733a323a226964223b733a313a2233223b733a383a2267726f75705f6964223b733a313a2233223b733a383a22757365726e616d65223b733a363a2261646d696e32223b733a343a226e616d61223b733a31323a22797573757068696461796174223b733a353a22656d61696c223b733a32313a22797573756678797a31313440676d61696c2e636f6d223b733a383a2270617373776f7264223b733a36303a22243279243130246c52687448475438677448514a4d5278734243554865635a36525a2f477564355a4c3575724a6d2e3873764a5666684f7777554632223b733a343a22666f746f223b733a31383a2232303139303632353232353535342e706e67223b733a363a2269645f726566223b733a313a2235223b733a31303a22637265617465645f6174223b733a31393a22303030302d30302d30302030303a30303a3030223b733a31303a22757064617465645f6174223b733a31393a22303030302d30302d30302030303a30303a3030223b733a31303a22736f667464656c657465223b733a313a2230223b733a31303a2267726f75705f6e616d61223b733a31343a224b616275706174656e2f4b6f7461223b733a31343a226b616275706174656e5f6b6f7461223b733a383a2253554b414d415241223b7d),
('ulg3isle4u8kusqpg876vc17358teaee', '::1', 1562000171, 0x5f5f63695f6c6173745f726567656e65726174657c693a313536323030303137313b6163746976655f757365727c4f3a383a22737464436c617373223a31323a7b733a323a226964223b733a313a2231223b733a383a2267726f75705f6964223b733a313a2231223b733a383a22757365726e616d65223b733a31333a2261646d696e6973747261746f72223b733a343a226e616d61223b733a31313a2253757065722041646d696e223b733a353a22656d61696c223b733a31373a2261646d696e40676d61696c2e636f6d0d0a223b733a383a2270617373776f7264223b733a36303a222432792431302431316c674a36365735654b55353674655a665447372e6f2e4f3356556d77576652534878782e6f396f443047584a70726173733936223b733a343a22666f746f223b733a31383a2232303139303632373031343632342e706e67223b733a363a2269645f726566223b733a313a2230223b733a31303a22637265617465645f6174223b733a31393a22323031392d30362d32302030323a30333a3033223b733a31303a22757064617465645f6174223b733a31393a22323031392d30362d32302030323a30333a3033223b733a31303a22736f667464656c657465223b733a313a2230223b733a31303a2267726f75705f6e616d61223b733a31313a2253757065722041646d696e223b7d),
('uu64mvpmpqvuf4djgr8j33gagbfq1bod', '::1', 1561811401, 0x5f5f63695f6c6173745f726567656e65726174657c693a313536313831313430313b6163746976655f757365727c4f3a383a22737464436c617373223a31333a7b733a323a226964223b733a313a2233223b733a383a2267726f75705f6964223b733a313a2233223b733a383a22757365726e616d65223b733a363a2261646d696e32223b733a343a226e616d61223b733a31323a22797573757068696461796174223b733a353a22656d61696c223b733a32313a22797573756678797a31313440676d61696c2e636f6d223b733a383a2270617373776f7264223b733a36303a22243279243130246c52687448475438677448514a4d5278734243554865635a36525a2f477564355a4c3575724a6d2e3873764a5666684f7777554632223b733a343a22666f746f223b733a31383a2232303139303632353232353535342e706e67223b733a363a2269645f726566223b733a313a2235223b733a31303a22637265617465645f6174223b733a31393a22303030302d30302d30302030303a30303a3030223b733a31303a22757064617465645f6174223b733a31393a22303030302d30302d30302030303a30303a3030223b733a31303a22736f667464656c657465223b733a313a2230223b733a31303a2267726f75705f6e616d61223b733a31343a224b616275706174656e2f4b6f7461223b733a31343a226b616275706174656e5f6b6f7461223b733a383a2253554b414d415241223b7d),
('uvefii1ckte7kdlb7vd55p74ak0juoq7', '::1', 1562271180, 0x5f5f63695f6c6173745f726567656e65726174657c693a313536323237313138303b6163746976655f757365727c4f3a383a22737464436c617373223a31333a7b733a323a226964223b733a313a2233223b733a383a2267726f75705f6964223b733a313a2233223b733a383a22757365726e616d65223b733a363a2261646d696e32223b733a343a226e616d61223b733a31323a22797573757068696461796174223b733a353a22656d61696c223b733a32313a22797573756678797a31313440676d61696c2e636f6d223b733a383a2270617373776f7264223b733a36303a22243279243130246c52687448475438677448514a4d5278734243554865635a36525a2f477564355a4c3575724a6d2e3873764a5666684f7777554632223b733a343a22666f746f223b733a31383a2232303139303632393230343731332e706e67223b733a363a2269645f726566223b733a313a2235223b733a31303a22637265617465645f6174223b733a31393a22303030302d30302d30302030303a30303a3030223b733a31303a22757064617465645f6174223b733a31393a22303030302d30302d30302030303a30303a3030223b733a31303a22736f667464656c657465223b733a313a2230223b733a31303a2267726f75705f6e616d61223b733a31343a224b616275706174656e2f4b6f7461223b733a31343a226b616275706174656e5f6b6f7461223b733a383a2253554b414d415241223b7d),
('v0mla55bpjatgeramiuioqivgrphe1t4', '::1', 1561826927, 0x5f5f63695f6c6173745f726567656e65726174657c693a313536313832363932373b6163746976655f757365727c4f3a383a22737464436c617373223a31333a7b733a323a226964223b733a313a2236223b733a383a2267726f75705f6964223b733a313a2232223b733a383a22757365726e616d65223b733a353a22746974696b223b733a343a226e616d61223b733a353a22746974696b223b733a353a22656d61696c223b733a32303a22656c6973616669726e6140676d61696c2e636f6d223b733a383a2270617373776f7264223b733a36303a2224327924313024666861574e556c5636457865634a4c7631324b67617549336337555655324e733154524d4b49503571654c494961466d73534c5132223b733a343a22666f746f223b733a31383a2232303139303632353232353632332e706e67223b733a363a2269645f726566223b733a313a2231223b733a31303a22637265617465645f6174223b733a31393a22303030302d30302d30302030303a30303a3030223b733a31303a22757064617465645f6174223b733a31393a22303030302d30302d30302030303a30303a3030223b733a31303a22736f667464656c657465223b733a313a2230223b733a31303a2267726f75705f6e616d61223b4e3b733a31303a22646972656b746f726174223b733a343a22444a5042223b7d),
('v31e95k4d4vptg2uprbltoo4j9a2rm5o', '::1', 1562156164, 0x5f5f63695f6c6173745f726567656e65726174657c693a313536323135363136343b6163746976655f757365727c4f3a383a22737464436c617373223a31333a7b733a323a226964223b733a313a2233223b733a383a2267726f75705f6964223b733a313a2233223b733a383a22757365726e616d65223b733a363a2261646d696e32223b733a343a226e616d61223b733a31323a22797573757068696461796174223b733a353a22656d61696c223b733a32313a22797573756678797a31313440676d61696c2e636f6d223b733a383a2270617373776f7264223b733a36303a22243279243130246c52687448475438677448514a4d5278734243554865635a36525a2f477564355a4c3575724a6d2e3873764a5666684f7777554632223b733a343a22666f746f223b733a31383a2232303139303632393230343731332e706e67223b733a363a2269645f726566223b733a313a2235223b733a31303a22637265617465645f6174223b733a31393a22303030302d30302d30302030303a30303a3030223b733a31303a22757064617465645f6174223b733a31393a22303030302d30302d30302030303a30303a3030223b733a31303a22736f667464656c657465223b733a313a2230223b733a31303a2267726f75705f6e616d61223b733a31343a224b616275706174656e2f4b6f7461223b733a31343a226b616275706174656e5f6b6f7461223b733a383a2253554b414d415241223b7d);
INSERT INTO `ci_sessions` (`id`, `ip_address`, `timestamp`, `data`) VALUES
('v3hpt50kgm0esc1rrq7r7ra6j2qjhktl', '::1', 1562141430, 0x5f5f63695f6c6173745f726567656e65726174657c693a313536323134313433303b6163746976655f757365727c4f3a383a22737464436c617373223a31333a7b733a323a226964223b733a313a2233223b733a383a2267726f75705f6964223b733a313a2233223b733a383a22757365726e616d65223b733a363a2261646d696e32223b733a343a226e616d61223b733a31323a22797573757068696461796174223b733a353a22656d61696c223b733a32313a22797573756678797a31313440676d61696c2e636f6d223b733a383a2270617373776f7264223b733a36303a22243279243130246c52687448475438677448514a4d5278734243554865635a36525a2f477564355a4c3575724a6d2e3873764a5666684f7777554632223b733a343a22666f746f223b733a31383a2232303139303632393230343731332e706e67223b733a363a2269645f726566223b733a313a2235223b733a31303a22637265617465645f6174223b733a31393a22303030302d30302d30302030303a30303a3030223b733a31303a22757064617465645f6174223b733a31393a22303030302d30302d30302030303a30303a3030223b733a31303a22736f667464656c657465223b733a313a2230223b733a31303a2267726f75705f6e616d61223b733a31343a224b616275706174656e2f4b6f7461223b733a31343a226b616275706174656e5f6b6f7461223b733a383a2253554b414d415241223b7d),
('v3n7kf7oudl9d6stq0000mpn75tdn0sb', '::1', 1562138824, 0x5f5f63695f6c6173745f726567656e65726174657c693a313536323133383832343b6163746976655f757365727c4f3a383a22737464436c617373223a31333a7b733a323a226964223b733a313a2233223b733a383a2267726f75705f6964223b733a313a2233223b733a383a22757365726e616d65223b733a363a2261646d696e32223b733a343a226e616d61223b733a31323a22797573757068696461796174223b733a353a22656d61696c223b733a32313a22797573756678797a31313440676d61696c2e636f6d223b733a383a2270617373776f7264223b733a36303a22243279243130246c52687448475438677448514a4d5278734243554865635a36525a2f477564355a4c3575724a6d2e3873764a5666684f7777554632223b733a343a22666f746f223b733a31383a2232303139303632393230343731332e706e67223b733a363a2269645f726566223b733a313a2235223b733a31303a22637265617465645f6174223b733a31393a22303030302d30302d30302030303a30303a3030223b733a31303a22757064617465645f6174223b733a31393a22303030302d30302d30302030303a30303a3030223b733a31303a22736f667464656c657465223b733a313a2230223b733a31303a2267726f75705f6e616d61223b733a31343a224b616275706174656e2f4b6f7461223b733a31343a226b616275706174656e5f6b6f7461223b733a383a2253554b414d415241223b7d),
('vks314mhra6m1mesms5l5t9vbtimd6ht', '::1', 1561829142, 0x5f5f63695f6c6173745f726567656e65726174657c693a313536313832393134323b6163746976655f757365727c4f3a383a22737464436c617373223a31333a7b733a323a226964223b733a313a2233223b733a383a2267726f75705f6964223b733a313a2233223b733a383a22757365726e616d65223b733a363a2261646d696e32223b733a343a226e616d61223b733a31323a22797573757068696461796174223b733a353a22656d61696c223b733a32313a22797573756678797a31313440676d61696c2e636f6d223b733a383a2270617373776f7264223b733a36303a22243279243130246c52687448475438677448514a4d5278734243554865635a36525a2f477564355a4c3575724a6d2e3873764a5666684f7777554632223b733a343a22666f746f223b733a31383a2232303139303632393230343731332e706e67223b733a363a2269645f726566223b733a313a2235223b733a31303a22637265617465645f6174223b733a31393a22303030302d30302d30302030303a30303a3030223b733a31303a22757064617465645f6174223b733a31393a22303030302d30302d30302030303a30303a3030223b733a31303a22736f667464656c657465223b733a313a2230223b733a31303a2267726f75705f6e616d61223b733a31343a224b616275706174656e2f4b6f7461223b733a31343a226b616275706174656e5f6b6f7461223b733a383a2253554b414d415241223b7d),
('vp1hjgv3hj1710uictc8j4jogm36pivp', '::1', 1561811081, 0x5f5f63695f6c6173745f726567656e65726174657c693a313536313831313038313b6163746976655f757365727c4f3a383a22737464436c617373223a31323a7b733a323a226964223b733a313a2231223b733a383a2267726f75705f6964223b733a313a2231223b733a383a22757365726e616d65223b733a31333a2261646d696e6973747261746f72223b733a343a226e616d61223b733a31313a2253757065722041646d696e223b733a353a22656d61696c223b733a31373a2261646d696e40676d61696c2e636f6d0d0a223b733a383a2270617373776f7264223b733a36303a222432792431302431316c674a36365735654b55353674655a665447372e6f2e4f3356556d77576652534878782e6f396f443047584a70726173733936223b733a343a22666f746f223b733a31383a2232303139303632373031343632342e706e67223b733a363a2269645f726566223b733a313a2230223b733a31303a22637265617465645f6174223b733a31393a22323031392d30362d32302030323a30333a3033223b733a31303a22757064617465645f6174223b733a31393a22323031392d30362d32302030323a30333a3033223b733a31303a22736f667464656c657465223b733a313a2230223b733a31303a2267726f75705f6e616d61223b733a31313a2253757065722041646d696e223b7d);

-- --------------------------------------------------------

--
-- Table structure for table `groups`
--

CREATE TABLE `groups` (
  `id` int(6) NOT NULL,
  `group_nama` varchar(50) NOT NULL,
  `created_at` datetime NOT NULL,
  `updated_at` timestamp NOT NULL DEFAULT CURRENT_TIMESTAMP ON UPDATE CURRENT_TIMESTAMP,
  `softdelete` enum('0','1') NOT NULL
) ENGINE=InnoDB DEFAULT CHARSET=latin1;

--
-- Dumping data for table `groups`
--

INSERT INTO `groups` (`id`, `group_nama`, `created_at`, `updated_at`, `softdelete`) VALUES
(1, 'Super Admin', '2019-06-20 01:52:34', '2019-06-19 18:52:34', '0'),
(2, 'Direktorat', '2019-06-20 01:52:34', '2019-06-19 18:52:34', '0'),
(3, 'Kabupaten/Kota', '2019-06-20 01:52:34', '2019-06-26 09:38:02', '0');

-- --------------------------------------------------------

--
-- Table structure for table `menus`
--

CREATE TABLE `menus` (
  `id` int(5) NOT NULL,
  `parent_id` int(5) NOT NULL,
  `child` int(5) NOT NULL,
  `title` varchar(50) NOT NULL,
  `link` varchar(50) NOT NULL,
  `icon` varchar(50) NOT NULL
) ENGINE=InnoDB DEFAULT CHARSET=latin1;

--
-- Dumping data for table `menus`
--

INSERT INTO `menus` (`id`, `parent_id`, `child`, `title`, `link`, `icon`) VALUES
(1, 0, 7, 'Settings', '', 'fa fa-cog'),
(2, 0, 2, 'Validasi Lembar Kerja', '', 'fa fa-check'),
(3, 0, 2, 'View Lembar Kerja', '', 'fa fa-street-view'),
(4, 0, 2, 'Download Lembar Kerja', '', 'fa fa-download'),
(5, 0, 2, 'Upload Lembar Kerja', '', 'fa fa-upload'),
(6, 0, 0, 'Template Lembar Kerja', 'template', 'fa fa-book'),
(12, 1, 0, 'Hak Akses', 'privilege', 'i i-dot'),
(13, 1, 0, 'Level User', 'group', 'i i-dot'),
(14, 1, 0, 'User', 'user', 'i i-dot'),
(15, 1, 0, 'Kabupaten/Kota', 'kab_kota', 'i i-dot'),
(16, 1, 0, 'Direktorat', 'direktorat', 'i i-dot'),
(17, 1, 0, 'Kategori Direktorat', 'kategori_d', 'i i-dot'),
(19, 1, 0, 'Status', 'status', 'i i-dot'),
(20, 1, 0, 'Merchant', 'settings', 'i i-dot'),
(27, 1, 0, 'Semester', 'semester', 'i i-dot'),
(251, 3, 0, '2019 Semester 1', 'semester1_v2', 'i i-dot'),
(252, 3, 0, '2019 Semester 2', 'semester2_v2', 'i i-dot'),
(253, 2, 0, '2019 Semester 1', 'semester1_v1', 'i i-dot'),
(254, 2, 0, '2019 Semester 2', 'semester2_v1', 'i i-dot'),
(255, 4, 0, '2019 Semester 1', 'semester1_d', 'i i-dot'),
(256, 4, 0, '2019 Semester 2', 'semester2_d', 'i i-dot'),
(257, 5, 0, '2019 Semester 1', 'semester1_u', 'i i-dot'),
(258, 5, 0, '2019 Semester 2', 'semester2_u', 'i i-dot');

-- --------------------------------------------------------

--
-- Table structure for table `privileges`
--

CREATE TABLE `privileges` (
  `id` int(5) NOT NULL,
  `group_id` int(5) NOT NULL,
  `menu_id` int(5) NOT NULL
) ENGINE=InnoDB DEFAULT CHARSET=latin1;

--
-- Dumping data for table `privileges`
--

INSERT INTO `privileges` (`id`, `group_id`, `menu_id`) VALUES
(1294, 3, 4),
(1295, 3, 255),
(1296, 3, 256),
(1297, 3, 5),
(1298, 3, 257),
(1299, 3, 258),
(1300, 1, 1),
(1301, 1, 12),
(1302, 1, 13),
(1303, 1, 14),
(1304, 1, 15),
(1305, 1, 16),
(1306, 1, 17),
(1307, 1, 19),
(1308, 1, 20),
(1309, 1, 27),
(1310, 1, 2),
(1311, 1, 253),
(1312, 1, 254),
(1313, 1, 6),
(1314, 2, 2),
(1315, 2, 253),
(1316, 2, 254),
(1317, 2, 6);

-- --------------------------------------------------------

--
-- Table structure for table `settings`
--

CREATE TABLE `settings` (
  `id` int(5) NOT NULL,
  `meta_key` varchar(150) NOT NULL,
  `meta_value` text NOT NULL,
  `created_at` datetime NOT NULL,
  `updated_at` datetime NOT NULL
) ENGINE=InnoDB DEFAULT CHARSET=latin1;

--
-- Dumping data for table `settings`
--

INSERT INTO `settings` (`id`, `meta_key`, `meta_value`, `created_at`, `updated_at`) VALUES
(1, 'company_name', 'Dislutkan Kalteng', '2019-06-20 02:09:56', '2019-06-20 02:09:56'),
(2, 'company_address', 'Palangka Raya', '2019-06-20 02:09:56', '2019-06-20 02:09:56'),
(3, 'company_phone_number', '0852', '2019-06-20 02:09:56', '2019-06-20 02:09:56'),
(4, 'company_email', 'abc@upr.ac.id', '2019-06-20 02:09:56', '2019-06-20 02:09:56');

-- --------------------------------------------------------

--
-- Table structure for table `tbl_direktorat`
--

CREATE TABLE `tbl_direktorat` (
  `id_direktorat` int(5) NOT NULL,
  `direktorat` varchar(50) NOT NULL
) ENGINE=InnoDB DEFAULT CHARSET=latin1;

--
-- Dumping data for table `tbl_direktorat`
--

INSERT INTO `tbl_direktorat` (`id_direktorat`, `direktorat`) VALUES
(1, 'DJPB'),
(2, 'DJPDS'),
(3, 'DJPRL'),
(4, 'DJPT');

-- --------------------------------------------------------

--
-- Table structure for table `tbl_kabupaten_kota`
--

CREATE TABLE `tbl_kabupaten_kota` (
  `id_kabupaten_kota` int(5) NOT NULL,
  `kabupaten_kota` varchar(100) NOT NULL
) ENGINE=InnoDB DEFAULT CHARSET=latin1;

--
-- Dumping data for table `tbl_kabupaten_kota`
--

INSERT INTO `tbl_kabupaten_kota` (`id_kabupaten_kota`, `kabupaten_kota`) VALUES
(0, 'KOTAWARINGIN BARAT'),
(1, 'KOTAWARINGIN TIMUR'),
(2, 'KAPUAS'),
(3, 'BARITO SELATAN'),
(4, 'BARITO UTARA'),
(5, 'SUKAMARA'),
(6, 'LAMANDAU'),
(7, 'SERUYAN'),
(8, 'KATINGAN'),
(9, 'PULANG PISAU'),
(10, 'GUNUNG MAS'),
(11, 'BARITO TIMUR'),
(12, 'MURUNG RAYA'),
(13, 'PALANGKA RAYA');

-- --------------------------------------------------------

--
-- Table structure for table `tbl_kategori_direktorat`
--

CREATE TABLE `tbl_kategori_direktorat` (
  `id_kategori_direktorat` int(5) NOT NULL,
  `nama_kategori_direktorat` varchar(50) NOT NULL,
  `id_direktorat` int(11) NOT NULL
) ENGINE=InnoDB DEFAULT CHARSET=latin1;

--
-- Dumping data for table `tbl_kategori_direktorat`
--

INSERT INTO `tbl_kategori_direktorat` (`id_kategori_direktorat`, `nama_kategori_direktorat`, `id_direktorat`) VALUES
(1, 'DJPB_IKAN_HIAS', 1),
(2, 'DJPB_PEMBENIHAN', 1),
(3, 'DJPB_PEMBESARAN', 1),
(4, 'DJPDS_CS', 2),
(5, 'DJPDS_UPI_MENENGAHBESAR', 2),
(6, 'DJPDS_UPI_MIKRO', 2),
(7, 'DJPDS_UPPN', 2),
(8, 'DJPRL_NONTAMBAK', 3),
(9, 'DJPRL_TAMBAK', 3),
(10, 'DJPT_NON_PELABUHAN', 4),
(11, 'DJPT_PELABUHAN', 4),
(12, 'DJPT_PUD', 4);

-- --------------------------------------------------------

--
-- Table structure for table `tbl_lembar_kerja`
--

CREATE TABLE `tbl_lembar_kerja` (
  `id_lembar_kerja` int(5) NOT NULL,
  `keterangan` text NOT NULL,
  `upload_by` int(5) NOT NULL,
  `uploaded_on` timestamp NULL DEFAULT NULL,
  `file_upload` text NOT NULL,
  `keterangan_invalid` text NOT NULL,
  `id_template` varchar(100) NOT NULL,
  `id_admin_kk` int(5) NOT NULL,
  `download_on` datetime DEFAULT NULL,
  `id_status` int(11) NOT NULL,
  `id_kabupaten_kota` int(5) NOT NULL
) ENGINE=InnoDB DEFAULT CHARSET=latin1;

--
-- Dumping data for table `tbl_lembar_kerja`
--

INSERT INTO `tbl_lembar_kerja` (`id_lembar_kerja`, `keterangan`, `upload_by`, `uploaded_on`, `file_upload`, `keterangan_invalid`, `id_template`, `id_admin_kk`, `download_on`, `id_status`, `id_kabupaten_kota`) VALUES
(1, '', 0, NULL, '', '', '26', 0, NULL, 0, 0),
(2, '', 0, NULL, '', '', '27', 0, NULL, 0, 0),
(3, '', 0, NULL, '', '', '28', 0, NULL, 0, 0),
(4, '', 0, NULL, '', '', '29', 0, NULL, 0, 0),
(5, '', 0, NULL, '', '', '30', 0, NULL, 0, 0),
(6, '', 0, NULL, '', '', '31', 0, NULL, 0, 0),
(7, '', 0, NULL, '', '', '32', 0, NULL, 0, 0),
(8, '', 0, NULL, '', '', '33', 0, NULL, 0, 0),
(9, '', 0, NULL, '', '', '34', 0, NULL, 0, 0),
(10, '', 0, NULL, '', '', '35', 0, NULL, 0, 0),
(11, '', 0, NULL, '', '', '36', 0, NULL, 0, 0),
(12, '', 0, NULL, '', '', '37', 0, NULL, 0, 0),
(13, '', 0, NULL, '', '', '38', 0, NULL, 0, 0),
(14, '', 0, NULL, '', '', '39', 0, NULL, 0, 0),
(15, '', 0, NULL, '', '', '40', 0, NULL, 0, 0),
(16, '', 0, NULL, '', '', '41', 0, NULL, 0, 0),
(17, '', 0, NULL, '', '', '42', 0, NULL, 0, 0),
(18, '', 0, NULL, '', '', '43', 0, NULL, 0, 0),
(19, '', 0, NULL, '', '', '44', 0, NULL, 0, 0),
(20, '', 0, NULL, '', '', '45', 0, NULL, 0, 0),
(21, '', 0, NULL, '', '', '46', 0, NULL, 0, 0),
(22, '', 0, NULL, '', '', '47', 0, NULL, 0, 0),
(23, '', 0, NULL, '', '', '48', 0, NULL, 0, 0),
(24, '', 0, NULL, '', '', '49', 0, NULL, 0, 0),
(25, '', 0, NULL, '', '', '26', 0, NULL, 0, 1),
(26, '', 0, NULL, '', '', '27', 0, NULL, 0, 1),
(27, '', 0, NULL, '', '', '28', 0, NULL, 0, 1),
(28, '', 0, NULL, '', '', '29', 0, NULL, 0, 1),
(29, '', 0, NULL, '', '', '30', 0, NULL, 0, 1),
(30, '', 0, NULL, '', '', '31', 0, NULL, 0, 1),
(31, '', 0, NULL, '', '', '32', 0, NULL, 0, 1),
(32, '', 0, NULL, '', '', '33', 0, NULL, 0, 1),
(33, '', 0, NULL, '', '', '34', 0, NULL, 0, 1),
(34, '', 0, NULL, '', '', '35', 0, NULL, 0, 1),
(35, '', 0, NULL, '', '', '36', 0, NULL, 0, 1),
(36, '', 0, NULL, '', '', '37', 0, NULL, 0, 1),
(37, '', 0, NULL, '', '', '38', 0, NULL, 0, 1),
(38, '', 0, NULL, '', '', '39', 0, NULL, 0, 1),
(39, '', 0, NULL, '', '', '40', 0, NULL, 0, 1),
(40, '', 0, NULL, '', '', '41', 0, NULL, 0, 1),
(41, '', 0, NULL, '', '', '42', 0, NULL, 0, 1),
(42, '', 0, NULL, '', '', '43', 0, NULL, 0, 1),
(43, '', 0, NULL, '', '', '44', 0, NULL, 0, 1),
(44, '', 0, NULL, '', '', '45', 0, NULL, 0, 1),
(45, '', 0, NULL, '', '', '46', 0, NULL, 0, 1),
(46, '', 0, NULL, '', '', '47', 0, NULL, 0, 1),
(47, '', 0, NULL, '', '', '48', 0, NULL, 0, 1),
(48, '', 0, NULL, '', '', '49', 0, NULL, 0, 1),
(49, '', 0, NULL, '', '', '26', 0, NULL, 0, 2),
(50, '', 0, NULL, '', '', '27', 0, NULL, 0, 2),
(51, '', 0, NULL, '', '', '28', 0, NULL, 0, 2),
(52, '', 0, NULL, '', '', '29', 0, NULL, 0, 2),
(53, '', 0, NULL, '', '', '30', 0, NULL, 0, 2),
(54, '', 0, NULL, '', '', '31', 0, NULL, 0, 2),
(55, '', 0, NULL, '', '', '32', 0, NULL, 0, 2),
(56, '', 0, NULL, '', '', '33', 0, NULL, 0, 2),
(57, '', 0, NULL, '', '', '34', 0, NULL, 0, 2),
(58, '', 0, NULL, '', '', '35', 0, NULL, 0, 2),
(59, '', 0, NULL, '', '', '36', 0, NULL, 0, 2),
(60, '', 0, NULL, '', '', '37', 0, NULL, 0, 2),
(61, '', 0, NULL, '', '', '38', 0, NULL, 0, 2),
(62, '', 0, NULL, '', '', '39', 0, NULL, 0, 2),
(63, '', 0, NULL, '', '', '40', 0, NULL, 0, 2),
(64, '', 0, NULL, '', '', '41', 0, NULL, 0, 2),
(65, '', 0, NULL, '', '', '42', 0, NULL, 0, 2),
(66, '', 0, NULL, '', '', '43', 0, NULL, 0, 2),
(67, '', 0, NULL, '', '', '44', 0, NULL, 0, 2),
(68, '', 0, NULL, '', '', '45', 0, NULL, 0, 2),
(69, '', 0, NULL, '', '', '46', 0, NULL, 0, 2),
(70, '', 0, NULL, '', '', '47', 0, NULL, 0, 2),
(71, '', 0, NULL, '', '', '48', 0, NULL, 0, 2),
(72, '', 0, NULL, '', '', '49', 0, NULL, 0, 2),
(73, '', 0, NULL, '', '', '26', 0, NULL, 0, 3),
(74, '', 0, NULL, '', '', '27', 0, NULL, 0, 3),
(75, '', 0, NULL, '', '', '28', 0, NULL, 0, 3),
(76, '', 0, NULL, '', '', '29', 0, NULL, 0, 3),
(77, '', 0, NULL, '', '', '30', 0, NULL, 0, 3),
(78, '', 0, NULL, '', '', '31', 0, NULL, 0, 3),
(79, '', 0, NULL, '', '', '32', 0, NULL, 0, 3),
(80, '', 0, NULL, '', '', '33', 0, NULL, 0, 3),
(81, '', 0, NULL, '', '', '34', 0, NULL, 0, 3),
(82, '', 0, NULL, '', '', '35', 0, NULL, 0, 3),
(83, '', 0, NULL, '', '', '36', 0, NULL, 0, 3),
(84, '', 0, NULL, '', '', '37', 0, NULL, 0, 3),
(85, '', 0, NULL, '', '', '38', 0, NULL, 0, 3),
(86, '', 0, NULL, '', '', '39', 0, NULL, 0, 3),
(87, '', 0, NULL, '', '', '40', 0, NULL, 0, 3),
(88, '', 0, NULL, '', '', '41', 0, NULL, 0, 3),
(89, '', 0, NULL, '', '', '42', 0, NULL, 0, 3),
(90, '', 0, NULL, '', '', '43', 0, NULL, 0, 3),
(91, '', 0, NULL, '', '', '44', 0, NULL, 0, 3),
(92, '', 0, NULL, '', '', '45', 0, NULL, 0, 3),
(93, '', 0, NULL, '', '', '46', 0, NULL, 0, 3),
(94, '', 0, NULL, '', '', '47', 0, NULL, 0, 3),
(95, '', 0, NULL, '', '', '48', 0, NULL, 0, 3),
(96, '', 0, NULL, '', '', '49', 0, NULL, 0, 3),
(97, '', 0, NULL, '', '', '26', 0, NULL, 0, 4),
(98, '', 0, NULL, '', '', '27', 0, NULL, 0, 4),
(99, '', 0, NULL, '', '', '28', 0, NULL, 0, 4),
(100, '', 0, NULL, '', '', '29', 0, NULL, 0, 4),
(101, '', 0, NULL, '', '', '30', 0, NULL, 0, 4),
(102, '', 0, NULL, '', '', '31', 0, NULL, 0, 4),
(103, '', 0, NULL, '', '', '32', 0, NULL, 0, 4),
(104, '', 0, NULL, '', '', '33', 0, NULL, 0, 4),
(105, '', 0, NULL, '', '', '34', 0, NULL, 0, 4),
(106, '', 0, NULL, '', '', '35', 0, NULL, 0, 4),
(107, '', 0, NULL, '', '', '36', 0, NULL, 0, 4),
(108, '', 0, NULL, '', '', '37', 0, NULL, 0, 4),
(109, '', 0, NULL, '', '', '38', 0, NULL, 0, 4),
(110, '', 0, NULL, '', '', '39', 0, NULL, 0, 4),
(111, '', 0, NULL, '', '', '40', 0, NULL, 0, 4),
(112, '', 0, NULL, '', '', '41', 0, NULL, 0, 4),
(113, '', 0, NULL, '', '', '42', 0, NULL, 0, 4),
(114, '', 0, NULL, '', '', '43', 0, NULL, 0, 4),
(115, '', 0, NULL, '', '', '44', 0, NULL, 0, 4),
(116, '', 0, NULL, '', '', '45', 0, NULL, 0, 4),
(117, '', 0, NULL, '', '', '46', 0, NULL, 0, 4),
(118, '', 0, NULL, '', '', '47', 0, NULL, 0, 4),
(119, '', 0, NULL, '', '', '48', 0, NULL, 0, 4),
(120, '', 0, NULL, '', '', '49', 0, NULL, 0, 4),
(121, '', 3, '2019-07-03 13:37:28', 'DJPB_IKAN_HIAS_Kalimantan_Tengah.xlsm', '-', '26', 3, '2019-07-03 19:25:33', 1, 5),
(122, '', 0, NULL, '', '', '27', 0, NULL, 0, 5),
(123, '', 0, NULL, '', '', '28', 0, NULL, 0, 5),
(124, '', 0, NULL, '', '', '29', 0, NULL, 0, 5),
(125, '', 0, NULL, '', '', '30', 0, NULL, 0, 5),
(126, '', 0, NULL, '', '', '31', 0, NULL, 0, 5),
(127, '', 0, NULL, '', '', '32', 0, NULL, 0, 5),
(128, '', 0, NULL, '', '', '33', 0, NULL, 0, 5),
(129, '', 0, NULL, '', '', '34', 0, NULL, 0, 5),
(130, '', 0, NULL, '', '', '35', 0, NULL, 0, 5),
(131, '', 0, NULL, '', '', '36', 0, NULL, 0, 5),
(132, '', 0, NULL, '', '', '37', 0, NULL, 0, 5),
(133, '', 0, NULL, '', '', '38', 0, NULL, 0, 5),
(134, '', 0, NULL, '', '', '39', 0, NULL, 0, 5),
(135, '', 0, NULL, '', '', '40', 0, NULL, 0, 5),
(136, '', 0, NULL, '', '', '41', 0, NULL, 0, 5),
(137, '', 0, NULL, '', '', '42', 0, NULL, 0, 5),
(138, '', 0, NULL, '', '', '43', 0, NULL, 0, 5),
(139, '', 0, NULL, '', '', '44', 0, NULL, 0, 5),
(140, '', 0, NULL, '', '', '45', 0, NULL, 0, 5),
(141, '', 0, NULL, '', '', '46', 0, NULL, 0, 5),
(142, '', 0, NULL, '', '', '47', 0, NULL, 0, 5),
(143, '', 0, NULL, '', '', '48', 0, NULL, 0, 5),
(144, '', 0, NULL, '', '', '49', 0, NULL, 0, 5),
(145, '', 0, NULL, '', '', '26', 0, NULL, 0, 6),
(146, '', 0, NULL, '', '', '27', 0, NULL, 0, 6),
(147, '', 0, NULL, '', '', '28', 0, NULL, 0, 6),
(148, '', 0, NULL, '', '', '29', 0, NULL, 0, 6),
(149, '', 0, NULL, '', '', '30', 0, NULL, 0, 6),
(150, '', 0, NULL, '', '', '31', 0, NULL, 0, 6),
(151, '', 0, NULL, '', '', '32', 0, NULL, 0, 6),
(152, '', 0, NULL, '', '', '33', 0, NULL, 0, 6),
(153, '', 0, NULL, '', '', '34', 0, NULL, 0, 6),
(154, '', 0, NULL, '', '', '35', 0, NULL, 0, 6),
(155, '', 0, NULL, '', '', '36', 0, NULL, 0, 6),
(156, '', 0, NULL, '', '', '37', 0, NULL, 0, 6),
(157, '', 0, NULL, '', '', '38', 0, NULL, 0, 6),
(158, '', 0, NULL, '', '', '39', 0, NULL, 0, 6),
(159, '', 0, NULL, '', '', '40', 0, NULL, 0, 6),
(160, '', 0, NULL, '', '', '41', 0, NULL, 0, 6),
(161, '', 0, NULL, '', '', '42', 0, NULL, 0, 6),
(162, '', 0, NULL, '', '', '43', 0, NULL, 0, 6),
(163, '', 0, NULL, '', '', '44', 0, NULL, 0, 6),
(164, '', 0, NULL, '', '', '45', 0, NULL, 0, 6),
(165, '', 0, NULL, '', '', '46', 0, NULL, 0, 6),
(166, '', 0, NULL, '', '', '47', 0, NULL, 0, 6),
(167, '', 0, NULL, '', '', '48', 0, NULL, 0, 6),
(168, '', 0, NULL, '', '', '49', 0, NULL, 0, 6),
(169, '', 0, NULL, '', '', '26', 0, NULL, 0, 7),
(170, '', 0, NULL, '', '', '27', 0, NULL, 0, 7),
(171, '', 0, NULL, '', '', '28', 0, NULL, 0, 7),
(172, '', 0, NULL, '', '', '29', 0, NULL, 0, 7),
(173, '', 0, NULL, '', '', '30', 0, NULL, 0, 7),
(174, '', 0, NULL, '', '', '31', 0, NULL, 0, 7),
(175, '', 0, NULL, '', '', '32', 0, NULL, 0, 7),
(176, '', 0, NULL, '', '', '33', 0, NULL, 0, 7),
(177, '', 0, NULL, '', '', '34', 0, NULL, 0, 7),
(178, '', 0, NULL, '', '', '35', 0, NULL, 0, 7),
(179, '', 0, NULL, '', '', '36', 0, NULL, 0, 7),
(180, '', 0, NULL, '', '', '37', 0, NULL, 0, 7),
(181, '', 0, NULL, '', '', '38', 0, NULL, 0, 7),
(182, '', 0, NULL, '', '', '39', 0, NULL, 0, 7),
(183, '', 0, NULL, '', '', '40', 0, NULL, 0, 7),
(184, '', 0, NULL, '', '', '41', 0, NULL, 0, 7),
(185, '', 0, NULL, '', '', '42', 0, NULL, 0, 7),
(186, '', 0, NULL, '', '', '43', 0, NULL, 0, 7),
(187, '', 0, NULL, '', '', '44', 0, NULL, 0, 7),
(188, '', 0, NULL, '', '', '45', 0, NULL, 0, 7),
(189, '', 0, NULL, '', '', '46', 0, NULL, 0, 7),
(190, '', 0, NULL, '', '', '47', 0, NULL, 0, 7),
(191, '', 0, NULL, '', '', '48', 0, NULL, 0, 7),
(192, '', 0, NULL, '', '', '49', 0, NULL, 0, 7),
(193, '', 0, NULL, '', '', '26', 0, NULL, 0, 8),
(194, '', 0, NULL, '', '', '27', 0, NULL, 0, 8),
(195, '', 0, NULL, '', '', '28', 0, NULL, 0, 8),
(196, '', 0, NULL, '', '', '29', 0, NULL, 0, 8),
(197, '', 0, NULL, '', '', '30', 0, NULL, 0, 8),
(198, '', 0, NULL, '', '', '31', 0, NULL, 0, 8),
(199, '', 0, NULL, '', '', '32', 0, NULL, 0, 8),
(200, '', 0, NULL, '', '', '33', 0, NULL, 0, 8),
(201, '', 0, NULL, '', '', '34', 0, NULL, 0, 8),
(202, '', 0, NULL, '', '', '35', 0, NULL, 0, 8),
(203, '', 0, NULL, '', '', '36', 0, NULL, 0, 8),
(204, '', 0, NULL, '', '', '37', 0, NULL, 0, 8),
(205, '', 0, NULL, '', '', '38', 0, NULL, 0, 8),
(206, '', 0, NULL, '', '', '39', 0, NULL, 0, 8),
(207, '', 0, NULL, '', '', '40', 0, NULL, 0, 8),
(208, '', 0, NULL, '', '', '41', 0, NULL, 0, 8),
(209, '', 0, NULL, '', '', '42', 0, NULL, 0, 8),
(210, '', 0, NULL, '', '', '43', 0, NULL, 0, 8),
(211, '', 0, NULL, '', '', '44', 0, NULL, 0, 8),
(212, '', 0, NULL, '', '', '45', 0, NULL, 0, 8),
(213, '', 0, NULL, '', '', '46', 0, NULL, 0, 8),
(214, '', 0, NULL, '', '', '47', 0, NULL, 0, 8),
(215, '', 0, NULL, '', '', '48', 0, NULL, 0, 8),
(216, '', 0, NULL, '', '', '49', 0, NULL, 0, 8),
(217, '', 0, NULL, '', '', '26', 0, NULL, 0, 9),
(218, '', 0, NULL, '', '', '27', 0, NULL, 0, 9),
(219, '', 0, NULL, '', '', '28', 0, NULL, 0, 9),
(220, '', 0, NULL, '', '', '29', 0, NULL, 0, 9),
(221, '', 0, NULL, '', '', '30', 0, NULL, 0, 9),
(222, '', 0, NULL, '', '', '31', 0, NULL, 0, 9),
(223, '', 0, NULL, '', '', '32', 0, NULL, 0, 9),
(224, '', 0, NULL, '', '', '33', 0, NULL, 0, 9),
(225, '', 0, NULL, '', '', '34', 0, NULL, 0, 9),
(226, '', 0, NULL, '', '', '35', 0, NULL, 0, 9),
(227, '', 0, NULL, '', '', '36', 0, NULL, 0, 9),
(228, '', 0, NULL, '', '', '37', 0, NULL, 0, 9),
(229, '', 0, NULL, '', '', '38', 0, NULL, 0, 9),
(230, '', 0, NULL, '', '', '39', 0, NULL, 0, 9),
(231, '', 0, NULL, '', '', '40', 0, NULL, 0, 9),
(232, '', 0, NULL, '', '', '41', 0, NULL, 0, 9),
(233, '', 0, NULL, '', '', '42', 0, NULL, 0, 9),
(234, '', 0, NULL, '', '', '43', 0, NULL, 0, 9),
(235, '', 0, NULL, '', '', '44', 0, NULL, 0, 9),
(236, '', 0, NULL, '', '', '45', 0, NULL, 0, 9),
(237, '', 0, NULL, '', '', '46', 0, NULL, 0, 9),
(238, '', 0, NULL, '', '', '47', 0, NULL, 0, 9),
(239, '', 0, NULL, '', '', '48', 0, NULL, 0, 9),
(240, '', 0, NULL, '', '', '49', 0, NULL, 0, 9),
(241, '', 0, NULL, '', '', '26', 0, NULL, 0, 10),
(242, '', 0, NULL, '', '', '27', 0, NULL, 0, 10),
(243, '', 0, NULL, '', '', '28', 0, NULL, 0, 10),
(244, '', 0, NULL, '', '', '29', 0, NULL, 0, 10),
(245, '', 0, NULL, '', '', '30', 0, NULL, 0, 10),
(246, '', 0, NULL, '', '', '31', 0, NULL, 0, 10),
(247, '', 0, NULL, '', '', '32', 0, NULL, 0, 10),
(248, '', 0, NULL, '', '', '33', 0, NULL, 0, 10),
(249, '', 0, NULL, '', '', '34', 0, NULL, 0, 10),
(250, '', 0, NULL, '', '', '35', 0, NULL, 0, 10),
(251, '', 0, NULL, '', '', '36', 0, NULL, 0, 10),
(252, '', 0, NULL, '', '', '37', 0, NULL, 0, 10),
(253, '', 0, NULL, '', '', '38', 0, NULL, 0, 10),
(254, '', 0, NULL, '', '', '39', 0, NULL, 0, 10),
(255, '', 0, NULL, '', '', '40', 0, NULL, 0, 10),
(256, '', 0, NULL, '', '', '41', 0, NULL, 0, 10),
(257, '', 0, NULL, '', '', '42', 0, NULL, 0, 10),
(258, '', 0, NULL, '', '', '43', 0, NULL, 0, 10),
(259, '', 0, NULL, '', '', '44', 0, NULL, 0, 10),
(260, '', 0, NULL, '', '', '45', 0, NULL, 0, 10),
(261, '', 0, NULL, '', '', '46', 0, NULL, 0, 10),
(262, '', 0, NULL, '', '', '47', 0, NULL, 0, 10),
(263, '', 0, NULL, '', '', '48', 0, NULL, 0, 10),
(264, '', 0, NULL, '', '', '49', 0, NULL, 0, 10),
(265, '', 0, NULL, '', '', '26', 0, NULL, 0, 11),
(266, '', 0, NULL, '', '', '27', 0, NULL, 0, 11),
(267, '', 0, NULL, '', '', '28', 0, NULL, 0, 11),
(268, '', 0, NULL, '', '', '29', 0, NULL, 0, 11),
(269, '', 0, NULL, '', '', '30', 0, NULL, 0, 11),
(270, '', 0, NULL, '', '', '31', 0, NULL, 0, 11),
(271, '', 0, NULL, '', '', '32', 0, NULL, 0, 11),
(272, '', 0, NULL, '', '', '33', 0, NULL, 0, 11),
(273, '', 0, NULL, '', '', '34', 0, NULL, 0, 11),
(274, '', 0, NULL, '', '', '35', 0, NULL, 0, 11),
(275, '', 0, NULL, '', '', '36', 0, NULL, 0, 11),
(276, '', 0, NULL, '', '', '37', 0, NULL, 0, 11),
(277, '', 0, NULL, '', '', '38', 0, NULL, 0, 11),
(278, '', 0, NULL, '', '', '39', 0, NULL, 0, 11),
(279, '', 0, NULL, '', '', '40', 0, NULL, 0, 11),
(280, '', 0, NULL, '', '', '41', 0, NULL, 0, 11),
(281, '', 0, NULL, '', '', '42', 0, NULL, 0, 11),
(282, '', 0, NULL, '', '', '43', 0, NULL, 0, 11),
(283, '', 0, NULL, '', '', '44', 0, NULL, 0, 11),
(284, '', 0, NULL, '', '', '45', 0, NULL, 0, 11),
(285, '', 0, NULL, '', '', '46', 0, NULL, 0, 11),
(286, '', 0, NULL, '', '', '47', 0, NULL, 0, 11),
(287, '', 0, NULL, '', '', '48', 0, NULL, 0, 11),
(288, '', 0, NULL, '', '', '49', 0, NULL, 0, 11),
(289, '', 0, NULL, '', '', '26', 0, NULL, 0, 12),
(290, '', 0, NULL, '', '', '27', 0, NULL, 0, 12),
(291, '', 0, NULL, '', '', '28', 0, NULL, 0, 12),
(292, '', 0, NULL, '', '', '29', 0, NULL, 0, 12),
(293, '', 0, NULL, '', '', '30', 0, NULL, 0, 12),
(294, '', 0, NULL, '', '', '31', 0, NULL, 0, 12),
(295, '', 0, NULL, '', '', '32', 0, NULL, 0, 12),
(296, '', 0, NULL, '', '', '33', 0, NULL, 0, 12),
(297, '', 0, NULL, '', '', '34', 0, NULL, 0, 12),
(298, '', 0, NULL, '', '', '35', 0, NULL, 0, 12),
(299, '', 0, NULL, '', '', '36', 0, NULL, 0, 12),
(300, '', 0, NULL, '', '', '37', 0, NULL, 0, 12),
(301, '', 0, NULL, '', '', '38', 0, NULL, 0, 12),
(302, '', 0, NULL, '', '', '39', 0, NULL, 0, 12),
(303, '', 0, NULL, '', '', '40', 0, NULL, 0, 12),
(304, '', 0, NULL, '', '', '41', 0, NULL, 0, 12),
(305, '', 0, NULL, '', '', '42', 0, NULL, 0, 12),
(306, '', 0, NULL, '', '', '43', 0, NULL, 0, 12),
(307, '', 0, NULL, '', '', '44', 0, NULL, 0, 12),
(308, '', 0, NULL, '', '', '45', 0, NULL, 0, 12),
(309, '', 0, NULL, '', '', '46', 0, NULL, 0, 12),
(310, '', 0, NULL, '', '', '47', 0, NULL, 0, 12),
(311, '', 0, NULL, '', '', '48', 0, NULL, 0, 12),
(312, '', 0, NULL, '', '', '49', 0, NULL, 0, 12),
(313, '', 0, NULL, '', '', '26', 0, NULL, 0, 13),
(314, '', 0, NULL, '', '', '27', 0, NULL, 0, 13),
(315, '', 0, NULL, '', '', '28', 0, NULL, 0, 13),
(316, '', 0, NULL, '', '', '29', 0, NULL, 0, 13),
(317, '', 0, NULL, '', '', '30', 0, NULL, 0, 13),
(318, '', 0, NULL, '', '', '31', 0, NULL, 0, 13),
(319, '', 0, NULL, '', '', '32', 0, NULL, 0, 13),
(320, '', 0, NULL, '', '', '33', 0, NULL, 0, 13),
(321, '', 0, NULL, '', '', '34', 0, NULL, 0, 13),
(322, '', 0, NULL, '', '', '35', 0, NULL, 0, 13),
(323, '', 0, NULL, '', '', '36', 0, NULL, 0, 13),
(324, '', 0, NULL, '', '', '37', 0, NULL, 0, 13),
(325, '', 0, NULL, '', '', '38', 0, NULL, 0, 13),
(326, '', 0, NULL, '', '', '39', 0, NULL, 0, 13),
(327, '', 0, NULL, '', '', '40', 0, NULL, 0, 13),
(328, '', 0, NULL, '', '', '41', 0, NULL, 0, 13),
(329, '', 0, NULL, '', '', '42', 0, NULL, 0, 13),
(330, '', 0, NULL, '', '', '43', 0, NULL, 0, 13),
(331, '', 0, NULL, '', '', '44', 0, NULL, 0, 13),
(332, '', 0, NULL, '', '', '45', 0, NULL, 0, 13),
(333, '', 0, NULL, '', '', '46', 0, NULL, 0, 13),
(334, '', 0, NULL, '', '', '47', 0, NULL, 0, 13),
(335, '', 0, NULL, '', '', '48', 0, NULL, 0, 13),
(336, '', 0, NULL, '', '', '49', 0, NULL, 0, 13);

-- --------------------------------------------------------

--
-- Table structure for table `tbl_semester`
--

CREATE TABLE `tbl_semester` (
  `id_semester` int(5) NOT NULL,
  `id_tahun` int(4) NOT NULL,
  `periode_semester` enum('Semester 1','Semester 2') NOT NULL
) ENGINE=InnoDB DEFAULT CHARSET=latin1;

--
-- Dumping data for table `tbl_semester`
--

INSERT INTO `tbl_semester` (`id_semester`, `id_tahun`, `periode_semester`) VALUES
(29, 23, 'Semester 1'),
(30, 23, 'Semester 2'),
(503, 261, 'Semester 1'),
(504, 261, 'Semester 2');

-- --------------------------------------------------------

--
-- Table structure for table `tbl_status`
--

CREATE TABLE `tbl_status` (
  `id_status` int(5) NOT NULL,
  `status` varchar(50) NOT NULL
) ENGINE=InnoDB DEFAULT CHARSET=latin1;

--
-- Dumping data for table `tbl_status`
--

INSERT INTO `tbl_status` (`id_status`, `status`) VALUES
(1, 'BELUM VALID'),
(2, 'INVALID'),
(3, 'VALID'),
(4, 'FINAL');

-- --------------------------------------------------------

--
-- Table structure for table `tbl_tahun`
--

CREATE TABLE `tbl_tahun` (
  `id` int(5) NOT NULL,
  `tahun` year(4) NOT NULL,
  `state` enum('0','1') NOT NULL
) ENGINE=InnoDB DEFAULT CHARSET=latin1;

--
-- Dumping data for table `tbl_tahun`
--

INSERT INTO `tbl_tahun` (`id`, `tahun`, `state`) VALUES
(23, 2018, '0'),
(261, 2019, '1');

-- --------------------------------------------------------

--
-- Table structure for table `tbl_template`
--

CREATE TABLE `tbl_template` (
  `id_template` varchar(100) NOT NULL,
  `template` varchar(100) NOT NULL DEFAULT 'Tidak Ada',
  `id_kategori_direktorat` int(5) NOT NULL,
  `id_admin` int(5) NOT NULL,
  `periode_semester` int(11) NOT NULL,
  `upload_on` datetime DEFAULT NULL,
  `aktif` enum('0','1') NOT NULL
) ENGINE=InnoDB DEFAULT CHARSET=latin1;

--
-- Dumping data for table `tbl_template`
--

INSERT INTO `tbl_template` (`id_template`, `template`, `id_kategori_direktorat`, `id_admin`, `periode_semester`, `upload_on`, `aktif`) VALUES
('26', 'DJPB_IKAN_HIAS_Kalimantan_Tengah.xlsm', 1, 6, 1, '2019-07-04 13:12:08', '1'),
('27', 'Tidak Ada', 1, 0, 2, NULL, '0'),
('28', 'Tidak Ada', 2, 0, 1, NULL, '1'),
('29', 'Tidak Ada', 2, 0, 2, NULL, '0'),
('30', 'Tidak Ada', 3, 0, 1, NULL, '1'),
('31', 'Tidak Ada', 3, 0, 2, NULL, '0'),
('32', 'Tidak Ada', 4, 0, 1, NULL, '1'),
('33', 'Tidak Ada', 4, 0, 2, NULL, '0'),
('34', 'Tidak Ada', 5, 0, 1, NULL, '1'),
('35', 'Tidak Ada', 5, 0, 2, NULL, '0'),
('36', 'Tidak Ada', 6, 0, 1, NULL, '1'),
('37', 'Tidak Ada', 6, 0, 2, NULL, '0'),
('38', 'Tidak Ada', 7, 0, 1, NULL, '1'),
('39', 'Tidak Ada', 7, 0, 2, NULL, '0'),
('40', 'Tidak Ada', 8, 0, 1, NULL, '1'),
('41', 'Tidak Ada', 8, 0, 2, NULL, '0'),
('42', 'Tidak Ada', 9, 0, 1, NULL, '1'),
('43', 'Tidak Ada', 9, 0, 2, NULL, '0'),
('44', 'Tidak Ada', 10, 0, 1, NULL, '1'),
('45', 'Tidak Ada', 10, 0, 2, NULL, '0'),
('46', 'Tidak Ada', 11, 0, 1, NULL, '1'),
('47', 'Tidak Ada', 11, 0, 2, NULL, '0'),
('48', 'Tidak Ada', 12, 0, 1, NULL, '1'),
('49', 'Tidak Ada', 12, 0, 2, NULL, '0');

-- --------------------------------------------------------

--
-- Table structure for table `users`
--

CREATE TABLE `users` (
  `id` int(5) NOT NULL,
  `group_id` int(5) NOT NULL,
  `username` varchar(100) NOT NULL,
  `nama` varchar(100) NOT NULL,
  `email` varchar(100) NOT NULL,
  `password` varchar(500) NOT NULL,
  `foto` varchar(200) NOT NULL,
  `id_ref` int(5) NOT NULL,
  `created_at` datetime NOT NULL,
  `updated_at` datetime NOT NULL,
  `softdelete` enum('0','1') NOT NULL
) ENGINE=InnoDB DEFAULT CHARSET=latin1;

--
-- Dumping data for table `users`
--

INSERT INTO `users` (`id`, `group_id`, `username`, `nama`, `email`, `password`, `foto`, `id_ref`, `created_at`, `updated_at`, `softdelete`) VALUES
(1, 1, 'administrator', 'Super Admin', 'admin@gmail.com\r\n', '$2y$10$11lgJ66W5eKU56teZfTG7.o.O3VUmwWfRSHxx.o9oD0GXJprass96', '20190627014624.png', 0, '2019-06-20 02:03:03', '2019-06-20 02:03:03', '0'),
(3, 3, 'admin2', 'yusuphidayat', 'yusufxyz114@gmail.com', '$2y$10$lRhtHGT8gtHQJMRxsBCUHecZ6RZ/Gud5ZL5urJm.8svJVfhOwwUF2', '20190629204713.png', 5, '0000-00-00 00:00:00', '0000-00-00 00:00:00', '0'),
(6, 2, 'titik', 'titik', 'elisafirna@gmail.com', '$2y$10$fhaWNUlV6ExecJLv12KgauI3c7UVU2Ns1TRMKIP5qeLIIaFmsSLQ2', '20190704143644.png', 1, '0000-00-00 00:00:00', '0000-00-00 00:00:00', '0'),
(7, 3, 'admin1', 'koma', 'yousuftmetalgear@ymail.com', '$2y$10$DOZQpeTBvhKftVbUsSfqY.wEDTfgcYIsScC2KNdfJMPz7Oy.Qzwgm', '', 0, '0000-00-00 00:00:00', '0000-00-00 00:00:00', '0');

--
-- Indexes for dumped tables
--

--
-- Indexes for table `ci_sessions`
--
ALTER TABLE `ci_sessions`
  ADD PRIMARY KEY (`id`),
  ADD KEY `ci_sessions_timestamp` (`timestamp`);

--
-- Indexes for table `groups`
--
ALTER TABLE `groups`
  ADD PRIMARY KEY (`id`);

--
-- Indexes for table `menus`
--
ALTER TABLE `menus`
  ADD PRIMARY KEY (`id`);

--
-- Indexes for table `privileges`
--
ALTER TABLE `privileges`
  ADD PRIMARY KEY (`id`);

--
-- Indexes for table `settings`
--
ALTER TABLE `settings`
  ADD PRIMARY KEY (`id`);

--
-- Indexes for table `tbl_direktorat`
--
ALTER TABLE `tbl_direktorat`
  ADD PRIMARY KEY (`id_direktorat`);

--
-- Indexes for table `tbl_kabupaten_kota`
--
ALTER TABLE `tbl_kabupaten_kota`
  ADD PRIMARY KEY (`id_kabupaten_kota`);

--
-- Indexes for table `tbl_kategori_direktorat`
--
ALTER TABLE `tbl_kategori_direktorat`
  ADD PRIMARY KEY (`id_kategori_direktorat`);

--
-- Indexes for table `tbl_lembar_kerja`
--
ALTER TABLE `tbl_lembar_kerja`
  ADD PRIMARY KEY (`id_lembar_kerja`);

--
-- Indexes for table `tbl_semester`
--
ALTER TABLE `tbl_semester`
  ADD PRIMARY KEY (`id_semester`);

--
-- Indexes for table `tbl_status`
--
ALTER TABLE `tbl_status`
  ADD PRIMARY KEY (`id_status`);

--
-- Indexes for table `tbl_tahun`
--
ALTER TABLE `tbl_tahun`
  ADD PRIMARY KEY (`id`);

--
-- Indexes for table `tbl_template`
--
ALTER TABLE `tbl_template`
  ADD PRIMARY KEY (`id_template`);

--
-- Indexes for table `users`
--
ALTER TABLE `users`
  ADD PRIMARY KEY (`id`);

--
-- AUTO_INCREMENT for dumped tables
--

--
-- AUTO_INCREMENT for table `groups`
--
ALTER TABLE `groups`
  MODIFY `id` int(6) NOT NULL AUTO_INCREMENT, AUTO_INCREMENT=4;

--
-- AUTO_INCREMENT for table `menus`
--
ALTER TABLE `menus`
  MODIFY `id` int(5) NOT NULL AUTO_INCREMENT, AUTO_INCREMENT=259;

--
-- AUTO_INCREMENT for table `privileges`
--
ALTER TABLE `privileges`
  MODIFY `id` int(5) NOT NULL AUTO_INCREMENT, AUTO_INCREMENT=1318;

--
-- AUTO_INCREMENT for table `settings`
--
ALTER TABLE `settings`
  MODIFY `id` int(5) NOT NULL AUTO_INCREMENT, AUTO_INCREMENT=5;

--
-- AUTO_INCREMENT for table `tbl_direktorat`
--
ALTER TABLE `tbl_direktorat`
  MODIFY `id_direktorat` int(5) NOT NULL AUTO_INCREMENT, AUTO_INCREMENT=5;

--
-- AUTO_INCREMENT for table `tbl_kabupaten_kota`
--
ALTER TABLE `tbl_kabupaten_kota`
  MODIFY `id_kabupaten_kota` int(5) NOT NULL AUTO_INCREMENT, AUTO_INCREMENT=14;

--
-- AUTO_INCREMENT for table `tbl_kategori_direktorat`
--
ALTER TABLE `tbl_kategori_direktorat`
  MODIFY `id_kategori_direktorat` int(5) NOT NULL AUTO_INCREMENT, AUTO_INCREMENT=13;

--
-- AUTO_INCREMENT for table `tbl_lembar_kerja`
--
ALTER TABLE `tbl_lembar_kerja`
  MODIFY `id_lembar_kerja` int(5) NOT NULL AUTO_INCREMENT, AUTO_INCREMENT=337;

--
-- AUTO_INCREMENT for table `tbl_semester`
--
ALTER TABLE `tbl_semester`
  MODIFY `id_semester` int(5) NOT NULL AUTO_INCREMENT, AUTO_INCREMENT=505;

--
-- AUTO_INCREMENT for table `tbl_status`
--
ALTER TABLE `tbl_status`
  MODIFY `id_status` int(5) NOT NULL AUTO_INCREMENT, AUTO_INCREMENT=5;

--
-- AUTO_INCREMENT for table `tbl_tahun`
--
ALTER TABLE `tbl_tahun`
  MODIFY `id` int(5) NOT NULL AUTO_INCREMENT, AUTO_INCREMENT=262;

--
-- AUTO_INCREMENT for table `users`
--
ALTER TABLE `users`
  MODIFY `id` int(5) NOT NULL AUTO_INCREMENT, AUTO_INCREMENT=8;
COMMIT;

/*!40101 SET CHARACTER_SET_CLIENT=@OLD_CHARACTER_SET_CLIENT */;
/*!40101 SET CHARACTER_SET_RESULTS=@OLD_CHARACTER_SET_RESULTS */;
/*!40101 SET COLLATION_CONNECTION=@OLD_COLLATION_CONNECTION */;
