-- phpMyAdmin SQL Dump
-- version 4.8.4
-- https://www.phpmyadmin.net/
--
-- Host: 127.0.0.1:3307
-- Generation Time: Jun 28, 2019 at 05:40 AM
-- Server version: 10.1.37-MariaDB
-- PHP Version: 7.3.0

SET SQL_MODE = "NO_AUTO_VALUE_ON_ZERO";
SET AUTOCOMMIT = 0;
START TRANSACTION;
SET time_zone = "+00:00";


/*!40101 SET @OLD_CHARACTER_SET_CLIENT=@@CHARACTER_SET_CLIENT */;
/*!40101 SET @OLD_CHARACTER_SET_RESULTS=@@CHARACTER_SET_RESULTS */;
/*!40101 SET @OLD_COLLATION_CONNECTION=@@COLLATION_CONNECTION */;
/*!40101 SET NAMES utf8mb4 */;

--
-- Database: `satu_kkp_kalteng`
--

-- --------------------------------------------------------

--
-- Table structure for table `ci_sessions`
--

CREATE TABLE `ci_sessions` (
  `id` varchar(40) NOT NULL,
  `ip_address` varchar(45) NOT NULL,
  `timestamp` int(10) UNSIGNED NOT NULL DEFAULT '0',
  `data` blob NOT NULL
) ENGINE=InnoDB DEFAULT CHARSET=latin1;

--
-- Dumping data for table `ci_sessions`
--

INSERT INTO `ci_sessions` (`id`, `ip_address`, `timestamp`, `data`) VALUES
('02qeo3s7u1156euusin7vqkl7l7nmrlt', '::1', 1561584397, 0x5f5f63695f6c6173745f726567656e65726174657c693a313536313538343336333b6163746976655f757365727c4f3a383a22737464436c617373223a31323a7b733a323a226964223b733a313a2231223b733a383a2267726f75705f6964223b733a313a2231223b733a383a22757365726e616d65223b733a31333a2261646d696e6973747261746f72223b733a343a226e616d61223b733a31313a2253757065722041646d696e223b733a353a22656d61696c223b733a31373a2261646d696e40676d61696c2e636f6d0d0a223b733a383a2270617373776f7264223b733a36303a222432792431302431316c674a36365735654b55353674655a665447372e6f2e4f3356556d77576652534878782e6f396f443047584a70726173733936223b733a343a22666f746f223b733a31383a2232303139303632373031343632342e706e67223b733a363a2269645f726566223b733a313a2230223b733a31303a22637265617465645f6174223b733a31393a22323031392d30362d32302030323a30333a3033223b733a31303a22757064617465645f6174223b733a31393a22323031392d30362d32302030323a30333a3033223b733a31303a22736f667464656c657465223b733a313a2230223b733a31303a2267726f75705f6e616d61223b733a31313a2253757065722041646d696e223b7d),
('1va3js453crvdhg5aolugdc3u9nica4i', '::1', 1561582455, 0x5f5f63695f6c6173745f726567656e65726174657c693a313536313538323435353b6163746976655f757365727c4f3a383a22737464436c617373223a31323a7b733a323a226964223b733a313a2231223b733a383a2267726f75705f6964223b733a313a2231223b733a383a22757365726e616d65223b733a31333a2261646d696e6973747261746f72223b733a343a226e616d61223b733a31313a2253757065722041646d696e223b733a353a22656d61696c223b733a31373a2261646d696e40676d61696c2e636f6d0d0a223b733a383a2270617373776f7264223b733a36303a222432792431302431316c674a36365735654b55353674655a665447372e6f2e4f3356556d77576652534878782e6f396f443047584a70726173733936223b733a343a22666f746f223b733a31383a2232303139303632373031343632342e706e67223b733a363a2269645f726566223b733a313a2230223b733a31303a22637265617465645f6174223b733a31393a22323031392d30362d32302030323a30333a3033223b733a31303a22757064617465645f6174223b733a31393a22323031392d30362d32302030323a30333a3033223b733a31303a22736f667464656c657465223b733a313a2230223b733a31303a2267726f75705f6e616d61223b733a31313a2253757065722041646d696e223b7d),
('41r1s5bn6apq8qv4urrmul8epsbii78n', '::1', 1561691887, 0x5f5f63695f6c6173745f726567656e65726174657c693a313536313639313838373b6163746976655f757365727c4f3a383a22737464436c617373223a31333a7b733a323a226964223b733a313a2236223b733a383a2267726f75705f6964223b733a313a2232223b733a383a22757365726e616d65223b733a353a22746974696b223b733a343a226e616d61223b733a353a22746974696b223b733a353a22656d61696c223b733a32303a22656c6973616669726e6140676d61696c2e636f6d223b733a383a2270617373776f7264223b733a36303a2224327924313024666861574e556c5636457865634a4c7631324b67617549336337555655324e733154524d4b49503571654c494961466d73534c5132223b733a343a22666f746f223b733a31383a2232303139303632353232353632332e706e67223b733a363a2269645f726566223b733a313a2232223b733a31303a22637265617465645f6174223b733a31393a22303030302d30302d30302030303a30303a3030223b733a31303a22757064617465645f6174223b733a31393a22303030302d30302d30302030303a30303a3030223b733a31303a22736f667464656c657465223b733a313a2230223b733a31303a2267726f75705f6e616d61223b4e3b733a31303a22646972656b746f726174223b733a353a22444a504453223b7d),
('5jiniobhs2afqqgl4svb1jvl128keck3', '::1', 1561583403, 0x5f5f63695f6c6173745f726567656e65726174657c693a313536313538333430333b6163746976655f757365727c4f3a383a22737464436c617373223a31323a7b733a323a226964223b733a313a2231223b733a383a2267726f75705f6964223b733a313a2231223b733a383a22757365726e616d65223b733a31333a2261646d696e6973747261746f72223b733a343a226e616d61223b733a31313a2253757065722041646d696e223b733a353a22656d61696c223b733a31373a2261646d696e40676d61696c2e636f6d0d0a223b733a383a2270617373776f7264223b733a36303a222432792431302431316c674a36365735654b55353674655a665447372e6f2e4f3356556d77576652534878782e6f396f443047584a70726173733936223b733a343a22666f746f223b733a31383a2232303139303632373031343632342e706e67223b733a363a2269645f726566223b733a313a2230223b733a31303a22637265617465645f6174223b733a31393a22323031392d30362d32302030323a30333a3033223b733a31303a22757064617465645f6174223b733a31393a22323031392d30362d32302030323a30333a3033223b733a31303a22736f667464656c657465223b733a313a2230223b733a31303a2267726f75705f6e616d61223b733a31313a2253757065722041646d696e223b7d),
('agbic0k038cs8tbem9dh8frua2lnc7os', '::1', 1561580878, 0x5f5f63695f6c6173745f726567656e65726174657c693a313536313538303837383b6163746976655f757365727c4f3a383a22737464436c617373223a31323a7b733a323a226964223b733a313a2231223b733a383a2267726f75705f6964223b733a313a2231223b733a383a22757365726e616d65223b733a31333a2261646d696e6973747261746f72223b733a343a226e616d61223b733a31313a2253757065722041646d696e223b733a353a22656d61696c223b733a31373a2261646d696e40676d61696c2e636f6d0d0a223b733a383a2270617373776f7264223b733a36303a222432792431302431316c674a36365735654b55353674655a665447372e6f2e4f3356556d77576652534878782e6f396f443047584a70726173733936223b733a343a22666f746f223b733a31383a2232303139303632373031343632342e706e67223b733a363a2269645f726566223b733a313a2230223b733a31303a22637265617465645f6174223b733a31393a22323031392d30362d32302030323a30333a3033223b733a31303a22757064617465645f6174223b733a31393a22323031392d30362d32302030323a30333a3033223b733a31303a22736f667464656c657465223b733a313a2230223b733a31303a2267726f75705f6e616d61223b733a31313a2253757065722041646d696e223b7d),
('elf2i5o96ac6q1aikoqchsk6ubqpl0cf', '::1', 1561580560, 0x5f5f63695f6c6173745f726567656e65726174657c693a313536313538303536303b6163746976655f757365727c4f3a383a22737464436c617373223a31323a7b733a323a226964223b733a313a2231223b733a383a2267726f75705f6964223b733a313a2231223b733a383a22757365726e616d65223b733a31333a2261646d696e6973747261746f72223b733a343a226e616d61223b733a31313a2253757065722041646d696e223b733a353a22656d61696c223b733a31373a2261646d696e40676d61696c2e636f6d0d0a223b733a383a2270617373776f7264223b733a36303a222432792431302431316c674a36365735654b55353674655a665447372e6f2e4f3356556d77576652534878782e6f396f443047584a70726173733936223b733a343a22666f746f223b733a31383a2232303139303632373031343632342e706e67223b733a363a2269645f726566223b733a313a2230223b733a31303a22637265617465645f6174223b733a31393a22323031392d30362d32302030323a30333a3033223b733a31303a22757064617465645f6174223b733a31393a22323031392d30362d32302030323a30333a3033223b733a31303a22736f667464656c657465223b733a313a2230223b733a31303a2267726f75705f6e616d61223b733a31313a2253757065722041646d696e223b7d),
('ercmaevbjoffmulofao9bh8umjkd87g1', '::1', 1561582774, 0x5f5f63695f6c6173745f726567656e65726174657c693a313536313538323737343b6163746976655f757365727c4f3a383a22737464436c617373223a31323a7b733a323a226964223b733a313a2231223b733a383a2267726f75705f6964223b733a313a2231223b733a383a22757365726e616d65223b733a31333a2261646d696e6973747261746f72223b733a343a226e616d61223b733a31313a2253757065722041646d696e223b733a353a22656d61696c223b733a31373a2261646d696e40676d61696c2e636f6d0d0a223b733a383a2270617373776f7264223b733a36303a222432792431302431316c674a36365735654b55353674655a665447372e6f2e4f3356556d77576652534878782e6f396f443047584a70726173733936223b733a343a22666f746f223b733a31383a2232303139303632373031343632342e706e67223b733a363a2269645f726566223b733a313a2230223b733a31303a22637265617465645f6174223b733a31393a22323031392d30362d32302030323a30333a3033223b733a31303a22757064617465645f6174223b733a31393a22323031392d30362d32302030323a30333a3033223b733a31303a22736f667464656c657465223b733a313a2230223b733a31303a2267726f75705f6e616d61223b733a31313a2253757065722041646d696e223b7d),
('fdr46udht1490au2uui11n3lukbqk0jv', '::1', 1561692558, 0x5f5f63695f6c6173745f726567656e65726174657c693a313536313639323535383b6163746976655f757365727c4f3a383a22737464436c617373223a31333a7b733a323a226964223b733a313a2236223b733a383a2267726f75705f6964223b733a313a2232223b733a383a22757365726e616d65223b733a353a22746974696b223b733a343a226e616d61223b733a353a22746974696b223b733a353a22656d61696c223b733a32303a22656c6973616669726e6140676d61696c2e636f6d223b733a383a2270617373776f7264223b733a36303a2224327924313024666861574e556c5636457865634a4c7631324b67617549336337555655324e733154524d4b49503571654c494961466d73534c5132223b733a343a22666f746f223b733a31383a2232303139303632353232353632332e706e67223b733a363a2269645f726566223b733a313a2231223b733a31303a22637265617465645f6174223b733a31393a22303030302d30302d30302030303a30303a3030223b733a31303a22757064617465645f6174223b733a31393a22303030302d30302d30302030303a30303a3030223b733a31303a22736f667464656c657465223b733a313a2230223b733a31303a2267726f75705f6e616d61223b4e3b733a31303a22646972656b746f726174223b733a343a22444a5042223b7d),
('g4t6opf41milhk6h72legtouveccq6m7', '::1', 1561579879, 0x5f5f63695f6c6173745f726567656e65726174657c693a313536313537393837393b6163746976655f757365727c4f3a383a22737464436c617373223a31333a7b733a323a226964223b733a313a2233223b733a383a2267726f75705f6964223b733a313a2233223b733a383a22757365726e616d65223b733a363a2261646d696e32223b733a343a226e616d61223b733a31323a22797573757068696461796174223b733a353a22656d61696c223b733a32313a22797573756678797a31313440676d61696c2e636f6d223b733a383a2270617373776f7264223b733a36303a22243279243130246c52687448475438677448514a4d5278734243554865635a36525a2f477564355a4c3575724a6d2e3873764a5666684f7777554632223b733a343a22666f746f223b733a31383a2232303139303632353232353535342e706e67223b733a363a2269645f726566223b733a313a2235223b733a31303a22637265617465645f6174223b733a31393a22303030302d30302d30302030303a30303a3030223b733a31303a22757064617465645f6174223b733a31393a22303030302d30302d30302030303a30303a3030223b733a31303a22736f667464656c657465223b733a313a2230223b733a31303a2267726f75705f6e616d61223b733a31343a224b616275706174656e2f4b6f7461223b733a31343a226b616275706174656e5f6b6f7461223b733a31383a224b414255504154454e2053554b414d415241223b7d),
('g5doq9gg3f96017pgulbhq7e1f4hgslp', '::1', 1561583102, 0x5f5f63695f6c6173745f726567656e65726174657c693a313536313538333130323b6163746976655f757365727c4f3a383a22737464436c617373223a31323a7b733a323a226964223b733a313a2231223b733a383a2267726f75705f6964223b733a313a2231223b733a383a22757365726e616d65223b733a31333a2261646d696e6973747261746f72223b733a343a226e616d61223b733a31313a2253757065722041646d696e223b733a353a22656d61696c223b733a31373a2261646d696e40676d61696c2e636f6d0d0a223b733a383a2270617373776f7264223b733a36303a222432792431302431316c674a36365735654b55353674655a665447372e6f2e4f3356556d77576652534878782e6f396f443047584a70726173733936223b733a343a22666f746f223b733a31383a2232303139303632373031343632342e706e67223b733a363a2269645f726566223b733a313a2230223b733a31303a22637265617465645f6174223b733a31393a22323031392d30362d32302030323a30333a3033223b733a31303a22757064617465645f6174223b733a31393a22323031392d30362d32302030323a30333a3033223b733a31303a22736f667464656c657465223b733a313a2230223b733a31303a2267726f75705f6e616d61223b733a31313a2253757065722041646d696e223b7d),
('j0kna658emcobetj1cjp3uq0evh1vduu', '::1', 1561581240, 0x5f5f63695f6c6173745f726567656e65726174657c693a313536313538313234303b6163746976655f757365727c4f3a383a22737464436c617373223a31323a7b733a323a226964223b733a313a2231223b733a383a2267726f75705f6964223b733a313a2231223b733a383a22757365726e616d65223b733a31333a2261646d696e6973747261746f72223b733a343a226e616d61223b733a31313a2253757065722041646d696e223b733a353a22656d61696c223b733a31373a2261646d696e40676d61696c2e636f6d0d0a223b733a383a2270617373776f7264223b733a36303a222432792431302431316c674a36365735654b55353674655a665447372e6f2e4f3356556d77576652534878782e6f396f443047584a70726173733936223b733a343a22666f746f223b733a31383a2232303139303632373031343632342e706e67223b733a363a2269645f726566223b733a313a2230223b733a31303a22637265617465645f6174223b733a31393a22323031392d30362d32302030323a30333a3033223b733a31303a22757064617465645f6174223b733a31393a22323031392d30362d32302030323a30333a3033223b733a31303a22736f667464656c657465223b733a313a2230223b733a31303a2267726f75705f6e616d61223b733a31313a2253757065722041646d696e223b7d),
('pahhlrjoie044pdvg7t5fqdh2jd53mdi', '::1', 1561693148, 0x5f5f63695f6c6173745f726567656e65726174657c693a313536313639323933313b6163746976655f757365727c4f3a383a22737464436c617373223a31323a7b733a323a226964223b733a313a2231223b733a383a2267726f75705f6964223b733a313a2231223b733a383a22757365726e616d65223b733a31333a2261646d696e6973747261746f72223b733a343a226e616d61223b733a31313a2253757065722041646d696e223b733a353a22656d61696c223b733a31373a2261646d696e40676d61696c2e636f6d0d0a223b733a383a2270617373776f7264223b733a36303a222432792431302431316c674a36365735654b55353674655a665447372e6f2e4f3356556d77576652534878782e6f396f443047584a70726173733936223b733a343a22666f746f223b733a31383a2232303139303632373031343632342e706e67223b733a363a2269645f726566223b733a313a2230223b733a31303a22637265617465645f6174223b733a31393a22323031392d30362d32302030323a30333a3033223b733a31303a22757064617465645f6174223b733a31393a22323031392d30362d32302030323a30333a3033223b733a31303a22736f667464656c657465223b733a313a2230223b733a31303a2267726f75705f6e616d61223b733a31313a2253757065722041646d696e223b7d),
('qk8c9bnnl2roghle3e8dar7dsp62lrvg', '::1', 1561584363, 0x5f5f63695f6c6173745f726567656e65726174657c693a313536313538343336333b6163746976655f757365727c4f3a383a22737464436c617373223a31323a7b733a323a226964223b733a313a2231223b733a383a2267726f75705f6964223b733a313a2231223b733a383a22757365726e616d65223b733a31333a2261646d696e6973747261746f72223b733a343a226e616d61223b733a31313a2253757065722041646d696e223b733a353a22656d61696c223b733a31373a2261646d696e40676d61696c2e636f6d0d0a223b733a383a2270617373776f7264223b733a36303a222432792431302431316c674a36365735654b55353674655a665447372e6f2e4f3356556d77576652534878782e6f396f443047584a70726173733936223b733a343a22666f746f223b733a31383a2232303139303632373031343632342e706e67223b733a363a2269645f726566223b733a313a2230223b733a31303a22637265617465645f6174223b733a31393a22323031392d30362d32302030323a30333a3033223b733a31303a22757064617465645f6174223b733a31393a22323031392d30362d32302030323a30333a3033223b733a31303a22736f667464656c657465223b733a313a2230223b733a31303a2267726f75705f6e616d61223b733a31313a2253757065722041646d696e223b7d),
('sbdk35ciaod6bu6015g4p1gnv1i0pusd', '::1', 1561581782, 0x5f5f63695f6c6173745f726567656e65726174657c693a313536313538313738323b6163746976655f757365727c4f3a383a22737464436c617373223a31323a7b733a323a226964223b733a313a2231223b733a383a2267726f75705f6964223b733a313a2231223b733a383a22757365726e616d65223b733a31333a2261646d696e6973747261746f72223b733a343a226e616d61223b733a31313a2253757065722041646d696e223b733a353a22656d61696c223b733a31373a2261646d696e40676d61696c2e636f6d0d0a223b733a383a2270617373776f7264223b733a36303a222432792431302431316c674a36365735654b55353674655a665447372e6f2e4f3356556d77576652534878782e6f396f443047584a70726173733936223b733a343a22666f746f223b733a31383a2232303139303632373031343632342e706e67223b733a363a2269645f726566223b733a313a2230223b733a31303a22637265617465645f6174223b733a31393a22323031392d30362d32302030323a30333a3033223b733a31303a22757064617465645f6174223b733a31393a22323031392d30362d32302030323a30333a3033223b733a31303a22736f667464656c657465223b733a313a2230223b733a31303a2267726f75705f6e616d61223b733a31313a2253757065722041646d696e223b7d),
('suvihg74vvuqh8jebflg9i26csepsuct', '::1', 1561692931, 0x5f5f63695f6c6173745f726567656e65726174657c693a313536313639323933313b6163746976655f757365727c4f3a383a22737464436c617373223a31323a7b733a323a226964223b733a313a2231223b733a383a2267726f75705f6964223b733a313a2231223b733a383a22757365726e616d65223b733a31333a2261646d696e6973747261746f72223b733a343a226e616d61223b733a31313a2253757065722041646d696e223b733a353a22656d61696c223b733a31373a2261646d696e40676d61696c2e636f6d0d0a223b733a383a2270617373776f7264223b733a36303a222432792431302431316c674a36365735654b55353674655a665447372e6f2e4f3356556d77576652534878782e6f396f443047584a70726173733936223b733a343a22666f746f223b733a31383a2232303139303632373031343632342e706e67223b733a363a2269645f726566223b733a313a2230223b733a31303a22637265617465645f6174223b733a31393a22323031392d30362d32302030323a30333a3033223b733a31303a22757064617465645f6174223b733a31393a22323031392d30362d32302030323a30333a3033223b733a31303a22736f667464656c657465223b733a313a2230223b733a31303a2267726f75705f6e616d61223b733a31313a2253757065722041646d696e223b7d),
('tdn93rjfksstman3na3gieavjf0unnfv', '::1', 1561691222, 0x5f5f63695f6c6173745f726567656e65726174657c693a313536313639313232323b6163746976655f757365727c4f3a383a22737464436c617373223a31333a7b733a323a226964223b733a313a2237223b733a383a2267726f75705f6964223b733a313a2233223b733a383a22757365726e616d65223b733a363a2261646d696e31223b733a343a226e616d61223b733a343a226b6f6d61223b733a353a22656d61696c223b733a32363a22796f75737566746d6574616c6765617240796d61696c2e636f6d223b733a383a2270617373776f7264223b733a36303a2224327924313024444f5a517065544276684b667456625573536671592e77454454666763594973536343324b4e64664a4d507a374f792e517a77676d223b733a343a22666f746f223b733a303a22223b733a363a2269645f726566223b733a313a2230223b733a31303a22637265617465645f6174223b733a31393a22303030302d30302d30302030303a30303a3030223b733a31303a22757064617465645f6174223b733a31393a22303030302d30302d30302030303a30303a3030223b733a31303a22736f667464656c657465223b733a313a2230223b733a31303a2267726f75705f6e616d61223b4e3b733a31343a226b616275706174656e5f6b6f7461223b733a32383a224b414255504154454e204b4f5441574152494e47494e204241524154223b7d),
('tfjue3o62c5dkp9g1leo54t32vr03csg', '::1', 1561582101, 0x5f5f63695f6c6173745f726567656e65726174657c693a313536313538323130313b6163746976655f757365727c4f3a383a22737464436c617373223a31323a7b733a323a226964223b733a313a2231223b733a383a2267726f75705f6964223b733a313a2231223b733a383a22757365726e616d65223b733a31333a2261646d696e6973747261746f72223b733a343a226e616d61223b733a31313a2253757065722041646d696e223b733a353a22656d61696c223b733a31373a2261646d696e40676d61696c2e636f6d0d0a223b733a383a2270617373776f7264223b733a36303a222432792431302431316c674a36365735654b55353674655a665447372e6f2e4f3356556d77576652534878782e6f396f443047584a70726173733936223b733a343a22666f746f223b733a31383a2232303139303632373031343632342e706e67223b733a363a2269645f726566223b733a313a2230223b733a31303a22637265617465645f6174223b733a31393a22323031392d30362d32302030323a30333a3033223b733a31303a22757064617465645f6174223b733a31393a22323031392d30362d32302030323a30333a3033223b733a31303a22736f667464656c657465223b733a313a2230223b733a31303a2267726f75705f6e616d61223b733a31313a2253757065722041646d696e223b7d),
('v4qbc4hjgpq8s1vsobv88a0f2db281b3', '::1', 1561583715, 0x5f5f63695f6c6173745f726567656e65726174657c693a313536313538333731353b6163746976655f757365727c4f3a383a22737464436c617373223a31323a7b733a323a226964223b733a313a2231223b733a383a2267726f75705f6964223b733a313a2231223b733a383a22757365726e616d65223b733a31333a2261646d696e6973747261746f72223b733a343a226e616d61223b733a31313a2253757065722041646d696e223b733a353a22656d61696c223b733a31373a2261646d696e40676d61696c2e636f6d0d0a223b733a383a2270617373776f7264223b733a36303a222432792431302431316c674a36365735654b55353674655a665447372e6f2e4f3356556d77576652534878782e6f396f443047584a70726173733936223b733a343a22666f746f223b733a31383a2232303139303632373031343632342e706e67223b733a363a2269645f726566223b733a313a2230223b733a31303a22637265617465645f6174223b733a31393a22323031392d30362d32302030323a30333a3033223b733a31303a22757064617465645f6174223b733a31393a22323031392d30362d32302030323a30333a3033223b733a31303a22736f667464656c657465223b733a313a2230223b733a31303a2267726f75705f6e616d61223b733a31313a2253757065722041646d696e223b7d);

-- --------------------------------------------------------

--
-- Table structure for table `groups`
--

CREATE TABLE `groups` (
  `id` int(6) NOT NULL,
  `group_nama` varchar(50) NOT NULL,
  `created_at` datetime NOT NULL,
  `updated_at` timestamp NOT NULL DEFAULT CURRENT_TIMESTAMP ON UPDATE CURRENT_TIMESTAMP,
  `softdelete` enum('0','1') NOT NULL
) ENGINE=InnoDB DEFAULT CHARSET=latin1;

--
-- Dumping data for table `groups`
--

INSERT INTO `groups` (`id`, `group_nama`, `created_at`, `updated_at`, `softdelete`) VALUES
(1, 'Super Admin', '2019-06-20 01:52:34', '2019-06-19 18:52:34', '0'),
(2, 'Direktorat', '2019-06-20 01:52:34', '2019-06-19 18:52:34', '0'),
(3, 'Kabupaten/Kota', '2019-06-20 01:52:34', '2019-06-26 09:38:02', '0');

-- --------------------------------------------------------

--
-- Table structure for table `menus`
--

CREATE TABLE `menus` (
  `id` int(5) NOT NULL,
  `parent_id` int(5) NOT NULL,
  `child` int(5) NOT NULL,
  `title` varchar(50) NOT NULL,
  `link` varchar(50) NOT NULL,
  `icon` varchar(50) NOT NULL
) ENGINE=InnoDB DEFAULT CHARSET=latin1;

--
-- Dumping data for table `menus`
--

INSERT INTO `menus` (`id`, `parent_id`, `child`, `title`, `link`, `icon`) VALUES
(1, 0, 7, 'Settings', '', 'fa fa-cog'),
(2, 0, 2, 'Validasi Lembar Kerja', '', 'fa fa-check'),
(3, 0, 2, 'View Lembar Kerja', '', 'fa fa-street-view'),
(4, 0, 2, 'Download Lembar Kerja', '', 'fa fa-download'),
(5, 0, 2, 'Upload Lembar Kerja', '', 'fa fa-upload'),
(12, 1, 0, 'Hak Akses', 'privilege', 'i i-dot'),
(13, 1, 0, 'Level User', 'group', 'i i-dot'),
(14, 1, 0, 'User', 'user', 'i i-dot'),
(15, 1, 0, 'Kabupaten/Kota', 'kab_kota', 'i i-dot'),
(16, 1, 0, 'Direktorat', 'direktorat', 'i i-dot'),
(17, 1, 0, 'Kategori Direktorat', 'kategori_d', 'i i-dot'),
(18, 1, 0, 'Status', 'status', 'i i-dot'),
(19, 1, 0, 'Merchant', 'settings', 'i i-dot'),
(27, 1, 0, 'Semester', 'semester', 'i i-dot'),
(251, 3, 0, '2019 Semester 1', 'semester1_v2', 'i i-dot'),
(252, 3, 0, '2019 Semester 2', 'semester2_v2', 'i i-dot'),
(253, 2, 0, '2019 Semester 1', 'semester1_v1', 'i i-dot'),
(254, 2, 0, '2019 Semester 2', 'semester2_v1', 'i i-dot'),
(255, 4, 0, '2019 Semester 1', 'semester1_d', 'i i-dot'),
(256, 4, 0, '2019 Semester 2', 'semester2_d', 'i i-dot'),
(257, 5, 0, '2019 Semester 1', 'semester1_u', 'i i-dot'),
(258, 5, 0, '2019 Semester 2', 'semester2_u', 'i i-dot');

-- --------------------------------------------------------

--
-- Table structure for table `privileges`
--

CREATE TABLE `privileges` (
  `id` int(5) NOT NULL,
  `group_id` int(5) NOT NULL,
  `menu_id` int(5) NOT NULL
) ENGINE=InnoDB DEFAULT CHARSET=latin1;

--
-- Dumping data for table `privileges`
--

INSERT INTO `privileges` (`id`, `group_id`, `menu_id`) VALUES
(1119, 1, 1),
(1120, 1, 12),
(1121, 1, 13),
(1122, 1, 14),
(1123, 1, 15),
(1124, 1, 16),
(1125, 1, 17),
(1126, 1, 18),
(1127, 1, 19),
(1128, 1, 27),
(1129, 1, 2),
(1130, 1, 253),
(1131, 1, 254),
(1132, 1, 3),
(1133, 1, 251),
(1134, 1, 252),
(1183, 3, 4),
(1184, 3, 255),
(1185, 3, 256),
(1186, 3, 5),
(1187, 3, 257),
(1188, 3, 258),
(1192, 2, 2),
(1193, 2, 253),
(1194, 2, 254),
(1195, 2, 3),
(1196, 2, 251),
(1197, 2, 252);

-- --------------------------------------------------------

--
-- Table structure for table `settings`
--

CREATE TABLE `settings` (
  `id` int(5) NOT NULL,
  `meta_key` varchar(150) NOT NULL,
  `meta_value` text NOT NULL,
  `created_at` datetime NOT NULL,
  `updated_at` datetime NOT NULL
) ENGINE=InnoDB DEFAULT CHARSET=latin1;

--
-- Dumping data for table `settings`
--

INSERT INTO `settings` (`id`, `meta_key`, `meta_value`, `created_at`, `updated_at`) VALUES
(1, 'company_name', 'Dislutkan Kalteng', '2019-06-20 02:09:56', '2019-06-20 02:09:56'),
(2, 'company_address', 'Palangka Raya', '2019-06-20 02:09:56', '2019-06-20 02:09:56'),
(3, 'company_phone_number', '0852', '2019-06-20 02:09:56', '2019-06-20 02:09:56'),
(4, 'company_email', 'abc@upr.ac.id', '2019-06-20 02:09:56', '2019-06-20 02:09:56');

-- --------------------------------------------------------

--
-- Table structure for table `tbl_direktorat`
--

CREATE TABLE `tbl_direktorat` (
  `id_direktorat` int(5) NOT NULL,
  `direktorat` varchar(50) NOT NULL
) ENGINE=InnoDB DEFAULT CHARSET=latin1;

--
-- Dumping data for table `tbl_direktorat`
--

INSERT INTO `tbl_direktorat` (`id_direktorat`, `direktorat`) VALUES
(1, 'DJPB'),
(2, 'DJPDS'),
(3, 'DJPRL'),
(4, 'DJPT');

-- --------------------------------------------------------

--
-- Table structure for table `tbl_kabupaten_kota`
--

CREATE TABLE `tbl_kabupaten_kota` (
  `id_kabupaten_kota` int(5) NOT NULL,
  `kabupaten_kota` varchar(100) NOT NULL
) ENGINE=InnoDB DEFAULT CHARSET=latin1;

--
-- Dumping data for table `tbl_kabupaten_kota`
--

INSERT INTO `tbl_kabupaten_kota` (`id_kabupaten_kota`, `kabupaten_kota`) VALUES
(0, 'KOTAWARINGIN BARAT'),
(1, 'KOTAWARINGIN TIMUR'),
(2, 'KAPUAS'),
(3, 'BARITO SELATAN'),
(4, 'BARITO UTARA'),
(5, 'SUKAMARA'),
(6, 'LAMANDAU'),
(7, 'SERUYAN'),
(8, 'KATINGAN'),
(9, 'PULANG PISAU'),
(10, 'GUNUNG MAS'),
(11, 'BARITO TIMUR'),
(12, 'MURUNG RAYA'),
(13, 'PALANGKA RAYA');

-- --------------------------------------------------------

--
-- Table structure for table `tbl_kategori_direktorat`
--

CREATE TABLE `tbl_kategori_direktorat` (
  `id_kategori_direktorat` int(5) NOT NULL,
  `nama_kategori_direktorat` varchar(50) NOT NULL,
  `id_direktorat` int(5) NOT NULL
) ENGINE=InnoDB DEFAULT CHARSET=latin1;

--
-- Dumping data for table `tbl_kategori_direktorat`
--

INSERT INTO `tbl_kategori_direktorat` (`id_kategori_direktorat`, `nama_kategori_direktorat`, `id_direktorat`) VALUES
(1, 'DJPB_IKAN_HIAS', 1),
(2, 'DJPB_PEMBENIHAN', 1),
(3, 'DJPB_PEMBESARAN', 1),
(4, 'DJPDS_CS', 2),
(5, 'DJPDS_UPI_MENENGAHBESAR', 2),
(6, 'DJPDS_UPI_MIKRO', 2),
(7, 'DJPDS_UPPN', 2),
(8, 'DJPRL_NONTAMBAK', 3),
(9, 'DJPRL_TAMBAK', 3),
(10, 'DJPT_NON_PELABUHAN', 4),
(11, 'DJPT_PELABUHAN', 4),
(12, 'DJPT_PUD', 4);

-- --------------------------------------------------------

--
-- Table structure for table `tbl_lembar_kerja`
--

CREATE TABLE `tbl_lembar_kerja` (
  `id_lembar_kerja` varchar(30) NOT NULL,
  `keterangan_lembar_kerja` text NOT NULL,
  `file_lembar_kerja` varchar(100) NOT NULL,
  `uploaded_on` timestamp NOT NULL DEFAULT CURRENT_TIMESTAMP ON UPDATE CURRENT_TIMESTAMP,
  `id_kategori_d` int(5) NOT NULL,
  `id_users` int(5) NOT NULL,
  `id_semester` int(5) NOT NULL
) ENGINE=InnoDB DEFAULT CHARSET=latin1;

--
-- Dumping data for table `tbl_lembar_kerja`
--

INSERT INTO `tbl_lembar_kerja` (`id_lembar_kerja`, `keterangan_lembar_kerja`, `file_lembar_kerja`, `uploaded_on`, `id_kategori_d`, `id_users`, `id_semester`) VALUES
('5d1234ab71151', '', 'DOK_LAMPIRAN-_Per_12_Juni_2019.xlsx', '2019-06-28 03:20:44', 1, 3, 503),
('5d158468f1c22', '', 'Template.xlsx', '2019-06-28 03:07:20', 1, 7, 503);

-- --------------------------------------------------------

--
-- Table structure for table `tbl_semester`
--

CREATE TABLE `tbl_semester` (
  `id_semester` int(5) NOT NULL,
  `id_tahun` int(4) NOT NULL,
  `periode_semester` enum('Semester 1','Semester 2') NOT NULL
) ENGINE=InnoDB DEFAULT CHARSET=latin1;

--
-- Dumping data for table `tbl_semester`
--

INSERT INTO `tbl_semester` (`id_semester`, `id_tahun`, `periode_semester`) VALUES
(29, 23, 'Semester 1'),
(30, 23, 'Semester 2'),
(503, 261, 'Semester 1'),
(504, 261, 'Semester 2');

-- --------------------------------------------------------

--
-- Table structure for table `tbl_status`
--

CREATE TABLE `tbl_status` (
  `id_status` int(5) NOT NULL,
  `status` varchar(50) NOT NULL
) ENGINE=InnoDB DEFAULT CHARSET=latin1;

--
-- Dumping data for table `tbl_status`
--

INSERT INTO `tbl_status` (`id_status`, `status`) VALUES
(1, 'BELUM VALID'),
(2, 'INVALID'),
(3, 'VALID'),
(4, 'FINAL');

-- --------------------------------------------------------

--
-- Table structure for table `tbl_status_track`
--

CREATE TABLE `tbl_status_track` (
  `id` int(5) NOT NULL,
  `status_track` varchar(50) NOT NULL
) ENGINE=InnoDB DEFAULT CHARSET=latin1;

--
-- Dumping data for table `tbl_status_track`
--

INSERT INTO `tbl_status_track` (`id`, `status_track`) VALUES
(1, 'DOWNLOADED'),
(2, 'OPEN');

-- --------------------------------------------------------

--
-- Table structure for table `tbl_tahun`
--

CREATE TABLE `tbl_tahun` (
  `id` int(5) NOT NULL,
  `tahun` year(4) NOT NULL,
  `state` enum('0','1') NOT NULL
) ENGINE=InnoDB DEFAULT CHARSET=latin1;

--
-- Dumping data for table `tbl_tahun`
--

INSERT INTO `tbl_tahun` (`id`, `tahun`, `state`) VALUES
(23, 2018, '0'),
(261, 2019, '1');

-- --------------------------------------------------------

--
-- Table structure for table `tbl_validasi`
--

CREATE TABLE `tbl_validasi` (
  `id_validasi` varchar(30) NOT NULL,
  `id_lembar_kerja` varchar(30) NOT NULL,
  `keterangan_invalid` text NOT NULL,
  `id_status_1` int(5) NOT NULL,
  `id_status_2` int(5) NOT NULL DEFAULT '2',
  `download_on` datetime DEFAULT NULL,
  `download_by` int(5) NOT NULL,
  `upload_on` datetime DEFAULT NULL,
  `id_login_v` int(5) NOT NULL,
  `file_validasi` text NOT NULL,
  `scan_bast_lembar_kerja` varchar(100) NOT NULL,
  `url_scan_bast_lembar_kerja` varchar(500) NOT NULL
) ENGINE=InnoDB DEFAULT CHARSET=latin1;

--
-- Dumping data for table `tbl_validasi`
--

INSERT INTO `tbl_validasi` (`id_validasi`, `id_lembar_kerja`, `keterangan_invalid`, `id_status_1`, `id_status_2`, `download_on`, `download_by`, `upload_on`, `id_login_v`, `file_validasi`, `scan_bast_lembar_kerja`, `url_scan_bast_lembar_kerja`) VALUES
('5d1234ab80140', '5d1234ab71151', '-', 3, 1, '2019-06-26 19:14:01', 3, '2019-06-25 22:20:49', 6, 'DOK_LAMPIRAN-_Per_21_Juni_2019.xlsx', '', ''),
('5d15846921e13', '5d158468f1c22', '', 1, 2, NULL, 0, NULL, 0, '', '', '');

-- --------------------------------------------------------

--
-- Table structure for table `users`
--

CREATE TABLE `users` (
  `id` int(5) NOT NULL,
  `group_id` int(5) NOT NULL,
  `username` varchar(100) NOT NULL,
  `nama` varchar(100) NOT NULL,
  `email` varchar(100) NOT NULL,
  `password` varchar(500) NOT NULL,
  `foto` varchar(200) NOT NULL,
  `id_ref` int(5) NOT NULL,
  `created_at` datetime NOT NULL,
  `updated_at` datetime NOT NULL,
  `softdelete` enum('0','1') NOT NULL
) ENGINE=InnoDB DEFAULT CHARSET=latin1;

--
-- Dumping data for table `users`
--

INSERT INTO `users` (`id`, `group_id`, `username`, `nama`, `email`, `password`, `foto`, `id_ref`, `created_at`, `updated_at`, `softdelete`) VALUES
(1, 1, 'administrator', 'Super Admin', 'admin@gmail.com\r\n', '$2y$10$11lgJ66W5eKU56teZfTG7.o.O3VUmwWfRSHxx.o9oD0GXJprass96', '20190627014624.png', 0, '2019-06-20 02:03:03', '2019-06-20 02:03:03', '0'),
(3, 3, 'admin2', 'yusuphidayat', 'yusufxyz114@gmail.com', '$2y$10$lRhtHGT8gtHQJMRxsBCUHecZ6RZ/Gud5ZL5urJm.8svJVfhOwwUF2', '20190625225554.png', 5, '0000-00-00 00:00:00', '0000-00-00 00:00:00', '0'),
(6, 2, 'titik', 'titik', 'elisafirna@gmail.com', '$2y$10$fhaWNUlV6ExecJLv12KgauI3c7UVU2Ns1TRMKIP5qeLIIaFmsSLQ2', '20190625225623.png', 1, '0000-00-00 00:00:00', '0000-00-00 00:00:00', '0'),
(7, 3, 'admin1', 'koma', 'yousuftmetalgear@ymail.com', '$2y$10$DOZQpeTBvhKftVbUsSfqY.wEDTfgcYIsScC2KNdfJMPz7Oy.Qzwgm', '', 0, '0000-00-00 00:00:00', '0000-00-00 00:00:00', '0');

--
-- Indexes for dumped tables
--

--
-- Indexes for table `ci_sessions`
--
ALTER TABLE `ci_sessions`
  ADD PRIMARY KEY (`id`),
  ADD KEY `ci_sessions_timestamp` (`timestamp`);

--
-- Indexes for table `groups`
--
ALTER TABLE `groups`
  ADD PRIMARY KEY (`id`);

--
-- Indexes for table `menus`
--
ALTER TABLE `menus`
  ADD PRIMARY KEY (`id`);

--
-- Indexes for table `privileges`
--
ALTER TABLE `privileges`
  ADD PRIMARY KEY (`id`);

--
-- Indexes for table `settings`
--
ALTER TABLE `settings`
  ADD PRIMARY KEY (`id`);

--
-- Indexes for table `tbl_direktorat`
--
ALTER TABLE `tbl_direktorat`
  ADD PRIMARY KEY (`id_direktorat`);

--
-- Indexes for table `tbl_kabupaten_kota`
--
ALTER TABLE `tbl_kabupaten_kota`
  ADD PRIMARY KEY (`id_kabupaten_kota`);

--
-- Indexes for table `tbl_kategori_direktorat`
--
ALTER TABLE `tbl_kategori_direktorat`
  ADD PRIMARY KEY (`id_kategori_direktorat`),
  ADD KEY `id_direktorat` (`id_direktorat`);

--
-- Indexes for table `tbl_lembar_kerja`
--
ALTER TABLE `tbl_lembar_kerja`
  ADD PRIMARY KEY (`id_lembar_kerja`);

--
-- Indexes for table `tbl_semester`
--
ALTER TABLE `tbl_semester`
  ADD PRIMARY KEY (`id_semester`);

--
-- Indexes for table `tbl_status`
--
ALTER TABLE `tbl_status`
  ADD PRIMARY KEY (`id_status`);

--
-- Indexes for table `tbl_status_track`
--
ALTER TABLE `tbl_status_track`
  ADD PRIMARY KEY (`id`);

--
-- Indexes for table `tbl_tahun`
--
ALTER TABLE `tbl_tahun`
  ADD PRIMARY KEY (`id`);

--
-- Indexes for table `tbl_validasi`
--
ALTER TABLE `tbl_validasi`
  ADD PRIMARY KEY (`id_validasi`);

--
-- Indexes for table `users`
--
ALTER TABLE `users`
  ADD PRIMARY KEY (`id`);

--
-- AUTO_INCREMENT for dumped tables
--

--
-- AUTO_INCREMENT for table `groups`
--
ALTER TABLE `groups`
  MODIFY `id` int(6) NOT NULL AUTO_INCREMENT, AUTO_INCREMENT=4;

--
-- AUTO_INCREMENT for table `menus`
--
ALTER TABLE `menus`
  MODIFY `id` int(5) NOT NULL AUTO_INCREMENT, AUTO_INCREMENT=259;

--
-- AUTO_INCREMENT for table `privileges`
--
ALTER TABLE `privileges`
  MODIFY `id` int(5) NOT NULL AUTO_INCREMENT, AUTO_INCREMENT=1198;

--
-- AUTO_INCREMENT for table `settings`
--
ALTER TABLE `settings`
  MODIFY `id` int(5) NOT NULL AUTO_INCREMENT, AUTO_INCREMENT=5;

--
-- AUTO_INCREMENT for table `tbl_direktorat`
--
ALTER TABLE `tbl_direktorat`
  MODIFY `id_direktorat` int(5) NOT NULL AUTO_INCREMENT, AUTO_INCREMENT=5;

--
-- AUTO_INCREMENT for table `tbl_kabupaten_kota`
--
ALTER TABLE `tbl_kabupaten_kota`
  MODIFY `id_kabupaten_kota` int(5) NOT NULL AUTO_INCREMENT, AUTO_INCREMENT=14;

--
-- AUTO_INCREMENT for table `tbl_kategori_direktorat`
--
ALTER TABLE `tbl_kategori_direktorat`
  MODIFY `id_kategori_direktorat` int(5) NOT NULL AUTO_INCREMENT, AUTO_INCREMENT=13;

--
-- AUTO_INCREMENT for table `tbl_semester`
--
ALTER TABLE `tbl_semester`
  MODIFY `id_semester` int(5) NOT NULL AUTO_INCREMENT, AUTO_INCREMENT=505;

--
-- AUTO_INCREMENT for table `tbl_status`
--
ALTER TABLE `tbl_status`
  MODIFY `id_status` int(5) NOT NULL AUTO_INCREMENT, AUTO_INCREMENT=5;

--
-- AUTO_INCREMENT for table `tbl_status_track`
--
ALTER TABLE `tbl_status_track`
  MODIFY `id` int(5) NOT NULL AUTO_INCREMENT, AUTO_INCREMENT=3;

--
-- AUTO_INCREMENT for table `tbl_tahun`
--
ALTER TABLE `tbl_tahun`
  MODIFY `id` int(5) NOT NULL AUTO_INCREMENT, AUTO_INCREMENT=262;

--
-- AUTO_INCREMENT for table `users`
--
ALTER TABLE `users`
  MODIFY `id` int(5) NOT NULL AUTO_INCREMENT, AUTO_INCREMENT=8;

--
-- Constraints for dumped tables
--

--
-- Constraints for table `tbl_kategori_direktorat`
--
ALTER TABLE `tbl_kategori_direktorat`
  ADD CONSTRAINT `tbl_kategori_direktorat_ibfk_1` FOREIGN KEY (`id_direktorat`) REFERENCES `tbl_direktorat` (`id_direktorat`);
COMMIT;

/*!40101 SET CHARACTER_SET_CLIENT=@OLD_CHARACTER_SET_CLIENT */;
/*!40101 SET CHARACTER_SET_RESULTS=@OLD_CHARACTER_SET_RESULTS */;
/*!40101 SET COLLATION_CONNECTION=@OLD_COLLATION_CONNECTION */;
